2025-10-26 13:04:03,826 [INFO] sentence_transformers.SentenceTransformer: Use pytorch device_name: cpu
2025-10-26 13:04:03,826 [INFO] sentence_transformers.SentenceTransformer: Load pretrained SentenceTransformer: all-MiniLM-L6-v2
2025-10-26 13:06:17,448 [INFO] sentence_transformers.SentenceTransformer: Use pytorch device_name: cpu
2025-10-26 13:06:17,449 [INFO] sentence_transformers.SentenceTransformer: Load pretrained SentenceTransformer: all-MiniLM-L6-v2
2025-10-26 13:06:23,755 [INFO] rag.services.langraph_service: Creating qdrant collection 'documents'
2025-10-26 13:30:09,159 [INFO] sentence_transformers.SentenceTransformer: Use pytorch device_name: cpu
2025-10-26 13:30:09,160 [INFO] sentence_transformers.SentenceTransformer: Load pretrained SentenceTransformer: all-MiniLM-L6-v2
2025-10-26 13:51:15,893 [INFO] sentence_transformers.SentenceTransformer: Use pytorch device_name: cpu
2025-10-26 13:51:15,894 [INFO] sentence_transformers.SentenceTransformer: Load pretrained SentenceTransformer: all-MiniLM-L6-v2
2025-10-26 13:51:35,572 [INFO] sentence_transformers.SentenceTransformer: Use pytorch device_name: cpu
2025-10-26 13:51:35,572 [INFO] sentence_transformers.SentenceTransformer: Load pretrained SentenceTransformer: all-MiniLM-L6-v2
2025-10-26 13:51:42,068 [INFO] django.utils.autoreload: Watching for file changes with StatReloader
2025-10-26 13:53:05,222 [INFO] django.utils.autoreload: C:\Users\Philemon\Desktop\Coding\education_system\backend\rag\apps.py changed, reloading.
2025-10-26 13:53:17,806 [INFO] sentence_transformers.SentenceTransformer: Use pytorch device_name: cpu
2025-10-26 13:53:17,806 [INFO] sentence_transformers.SentenceTransformer: Load pretrained SentenceTransformer: all-MiniLM-L6-v2
2025-10-26 13:53:23,568 [INFO] django.utils.autoreload: Watching for file changes with StatReloader
2025-10-26 13:58:53,841 [WARNING] django.request: Unauthorized: /Libraries
2025-10-26 13:58:53,841 [WARNING] django.request: Unauthorized: /Libraries
2025-10-26 13:58:53,843 [WARNING] django.server: "GET /Libraries HTTP/1.1" 401 58
2025-10-26 13:58:53,843 [WARNING] django.server: "GET /Libraries HTTP/1.1" 401 58
2025-10-26 13:59:04,766 [INFO] django.utils.autoreload: C:\Users\Philemon\Desktop\Coding\education_system\backend\authentication\views.py changed, reloading.
2025-10-26 13:59:18,301 [INFO] sentence_transformers.SentenceTransformer: Use pytorch device_name: cpu
2025-10-26 13:59:18,301 [INFO] sentence_transformers.SentenceTransformer: Load pretrained SentenceTransformer: all-MiniLM-L6-v2
2025-10-26 13:59:23,632 [INFO] django.utils.autoreload: Watching for file changes with StatReloader
2025-10-26 13:59:31,580 [INFO] django.utils.autoreload: C:\Users\Philemon\Desktop\Coding\education_system\backend\authentication\views.py changed, reloading.
2025-10-26 13:59:41,842 [INFO] sentence_transformers.SentenceTransformer: Use pytorch device_name: cpu
2025-10-26 13:59:41,843 [INFO] sentence_transformers.SentenceTransformer: Load pretrained SentenceTransformer: all-MiniLM-L6-v2
2025-10-26 13:59:47,194 [INFO] django.utils.autoreload: Watching for file changes with StatReloader
2025-10-26 13:59:52,652 [INFO] django.utils.autoreload: C:\Users\Philemon\Desktop\Coding\education_system\backend\rag\views.py changed, reloading.
2025-10-26 14:00:03,208 [INFO] sentence_transformers.SentenceTransformer: Use pytorch device_name: cpu
2025-10-26 14:00:03,208 [INFO] sentence_transformers.SentenceTransformer: Load pretrained SentenceTransformer: all-MiniLM-L6-v2
2025-10-26 14:00:11,636 [INFO] django.utils.autoreload: Watching for file changes with StatReloader
2025-10-26 14:00:18,163 [INFO] django.utils.autoreload: C:\Users\Philemon\Desktop\Coding\education_system\backend\rag\views.py changed, reloading.
2025-10-26 14:00:28,567 [INFO] sentence_transformers.SentenceTransformer: Use pytorch device_name: cpu
2025-10-26 14:00:28,567 [INFO] sentence_transformers.SentenceTransformer: Load pretrained SentenceTransformer: all-MiniLM-L6-v2
2025-10-26 14:00:33,766 [INFO] django.utils.autoreload: Watching for file changes with StatReloader
2025-10-26 14:00:39,432 [INFO] django.utils.autoreload: C:\Users\Philemon\Desktop\Coding\education_system\backend\rag\serializers.py changed, reloading.
2025-10-26 14:00:50,653 [INFO] sentence_transformers.SentenceTransformer: Use pytorch device_name: cpu
2025-10-26 14:00:50,653 [INFO] sentence_transformers.SentenceTransformer: Load pretrained SentenceTransformer: all-MiniLM-L6-v2
2025-10-26 14:00:56,553 [INFO] django.utils.autoreload: Watching for file changes with StatReloader
2025-10-26 14:01:00,860 [INFO] django.utils.autoreload: C:\Users\Philemon\Desktop\Coding\education_system\backend\rag\models.py changed, reloading.
2025-10-26 14:01:14,174 [INFO] sentence_transformers.SentenceTransformer: Use pytorch device_name: cpu
2025-10-26 14:01:14,174 [INFO] sentence_transformers.SentenceTransformer: Load pretrained SentenceTransformer: all-MiniLM-L6-v2
2025-10-26 14:01:19,552 [INFO] django.utils.autoreload: Watching for file changes with StatReloader
2025-10-26 14:01:26,602 [INFO] django.server: "OPTIONS /auth/login/ HTTP/1.1" 200 0
2025-10-26 14:01:26,620 [INFO] authentication.views: Login attempt for username=gbesh
2025-10-26 14:01:27,321 [INFO] authentication.views: User login successful: user_id=4
2025-10-26 14:01:27,561 [INFO] django.server: "POST /auth/login/ HTTP/1.1" 200 483
2025-10-26 14:01:27,701 [INFO] django.server: "OPTIONS /Libraries HTTP/1.1" 200 0
2025-10-26 14:01:27,703 [INFO] django.server: "OPTIONS /Libraries HTTP/1.1" 200 0
2025-10-26 14:01:27,809 [INFO] django.server: "GET /Libraries HTTP/1.1" 200 265
2025-10-26 14:01:27,809 [INFO] django.server: "GET /Libraries HTTP/1.1" 200 265
2025-10-26 14:01:41,727 [INFO] django.server: "OPTIONS /getCourses?library_id=3 HTTP/1.1" 200 0
2025-10-26 14:01:41,727 [INFO] django.server: "OPTIONS /getCourses?library_id=3 HTTP/1.1" 200 0
2025-10-26 14:01:41,830 [INFO] rag.views: get_courses for library_id=3 by user=gbesh
2025-10-26 14:01:41,830 [INFO] rag.views: get_courses for library_id=3 by user=gbesh
2025-10-26 14:01:41,832 [INFO] django.server: "GET /getCourses?library_id=3 HTTP/1.1" 200 670
2025-10-26 14:01:41,832 [INFO] django.server: "GET /getCourses?library_id=3 HTTP/1.1" 200 670
2025-10-26 14:01:43,268 [INFO] django.server: "OPTIONS /getDocuments?course_id=40&library_id=3 HTTP/1.1" 200 0
2025-10-26 14:01:43,338 [INFO] rag.views: get_documents for course_id=40 by user=gbesh
2025-10-26 14:01:43,339 [INFO] django.server: "GET /getDocuments?course_id=40&library_id=3 HTTP/1.1" 200 340
2025-10-26 14:01:44,836 [INFO] django.server: "OPTIONS /getDocuments?course_id=41&library_id=3 HTTP/1.1" 200 0
2025-10-26 14:01:44,902 [INFO] rag.views: get_documents for course_id=41 by user=gbesh
2025-10-26 14:01:44,902 [INFO] django.server: "GET /getDocuments?course_id=41&library_id=3 HTTP/1.1" 200 29
2025-10-26 14:01:45,883 [INFO] django.server: "OPTIONS /getDocuments?course_id=42&library_id=3 HTTP/1.1" 200 0
2025-10-26 14:01:45,949 [INFO] rag.views: get_documents for course_id=42 by user=gbesh
2025-10-26 14:01:45,951 [INFO] django.server: "GET /getDocuments?course_id=42&library_id=3 HTTP/1.1" 200 155
2025-10-26 14:01:46,904 [INFO] rag.views: get_documents for course_id=40 by user=gbesh
2025-10-26 14:01:46,905 [INFO] django.server: "GET /getDocuments?course_id=40&library_id=3 HTTP/1.1" 200 340
2025-10-26 14:01:51,855 [INFO] django.server: "OPTIONS /quiz?document_id=69&number_of_questions=5&library_id=3 HTTP/1.1" 200 0
2025-10-26 14:01:51,859 [INFO] django.server: "OPTIONS /quiz?document_id=69&number_of_questions=5&library_id=3 HTTP/1.1" 200 0
2025-10-26 14:01:52,033 [INFO] rag.views: quiz generation requested by user=gbesh document_id=69 num=5
2025-10-26 14:01:52,046 [INFO] rag.views: quiz generation requested by user=gbesh document_id=69 num=5
2025-10-26 14:01:52,061 [ERROR] rag.services.langgraph_service: Failed to generate quiz questions
Traceback (most recent call last):
  File "C:\Users\Philemon\Desktop\Coding\education_system\backend\rag\services\langgraph_service.py", line 247, in get_quiz
    response = qa_chain.invoke({"query": "Generate quiz questions"})
               ^^^^^^^^^^^^^^^^^^^^^^^^^^^^^^^^^^^^^^^^^^^^^^^^^^^^^
  File "C:\Users\Philemon\Desktop\Coding\education_system\backend\.venv\Lib\site-packages\langchain\chains\base.py", line 170, in invoke
    raise e
  File "C:\Users\Philemon\Desktop\Coding\education_system\backend\.venv\Lib\site-packages\langchain\chains\base.py", line 160, in invoke
    self._call(inputs, run_manager=run_manager)
  File "C:\Users\Philemon\Desktop\Coding\education_system\backend\.venv\Lib\site-packages\langchain\chains\retrieval_qa\base.py", line 151, in _call
    docs = self._get_docs(question, run_manager=_run_manager)
           ^^^^^^^^^^^^^^^^^^^^^^^^^^^^^^^^^^^^^^^^^^^^^^^^^^
  File "C:\Users\Philemon\Desktop\Coding\education_system\backend\.venv\Lib\site-packages\langchain\chains\retrieval_qa\base.py", line 271, in _get_docs
    return self.retriever.invoke(
           ^^^^^^^^^^^^^^^^^^^^^^
  File "C:\Users\Philemon\Desktop\Coding\education_system\backend\.venv\Lib\site-packages\langchain_core\retrievers.py", line 259, in invoke
    result = self._get_relevant_documents(
             ^^^^^^^^^^^^^^^^^^^^^^^^^^^^^
  File "C:\Users\Philemon\Desktop\Coding\education_system\backend\.venv\Lib\site-packages\langchain_core\vectorstores\base.py", line 1074, in _get_relevant_documents
    docs = self.vectorstore.similarity_search(query, **_kwargs)
           ^^^^^^^^^^^^^^^^^^^^^^^^^^^^^^^^^^^^^^^^^^^^^^^^^^^^
  File "C:\Users\Philemon\Desktop\Coding\education_system\backend\.venv\Lib\site-packages\langchain_qdrant\qdrant.py", line 508, in similarity_search
    results = self.similarity_search_with_score(
              ^^^^^^^^^^^^^^^^^^^^^^^^^^^^^^^^^^
  File "C:\Users\Philemon\Desktop\Coding\education_system\backend\.venv\Lib\site-packages\langchain_qdrant\qdrant.py", line 554, in similarity_search_with_score
    results = self.client.query_points(
              ^^^^^^^^^^^^^^^^^^^^^^^^^
  File "C:\Users\Philemon\Desktop\Coding\education_system\backend\.venv\Lib\site-packages\qdrant_client\qdrant_client.py", line 559, in query_points
    return self._client.query_points(
           ^^^^^^^^^^^^^^^^^^^^^^^^^^
  File "C:\Users\Philemon\Desktop\Coding\education_system\backend\.venv\Lib\site-packages\qdrant_client\qdrant_remote.py", line 637, in query_points
    grpc.QueryPoints(
ValueError: Protocol message Condition has no "key" field.
2025-10-26 14:01:52,065 [ERROR] rag.services.langgraph_service: Failed to generate quiz questions
Traceback (most recent call last):
  File "C:\Users\Philemon\Desktop\Coding\education_system\backend\rag\services\langgraph_service.py", line 247, in get_quiz
    response = qa_chain.invoke({"query": "Generate quiz questions"})
               ^^^^^^^^^^^^^^^^^^^^^^^^^^^^^^^^^^^^^^^^^^^^^^^^^^^^^
  File "C:\Users\Philemon\Desktop\Coding\education_system\backend\.venv\Lib\site-packages\langchain\chains\base.py", line 170, in invoke
    raise e
  File "C:\Users\Philemon\Desktop\Coding\education_system\backend\.venv\Lib\site-packages\langchain\chains\base.py", line 160, in invoke
    self._call(inputs, run_manager=run_manager)
  File "C:\Users\Philemon\Desktop\Coding\education_system\backend\.venv\Lib\site-packages\langchain\chains\retrieval_qa\base.py", line 151, in _call
    docs = self._get_docs(question, run_manager=_run_manager)
           ^^^^^^^^^^^^^^^^^^^^^^^^^^^^^^^^^^^^^^^^^^^^^^^^^^
  File "C:\Users\Philemon\Desktop\Coding\education_system\backend\.venv\Lib\site-packages\langchain\chains\retrieval_qa\base.py", line 271, in _get_docs
    return self.retriever.invoke(
           ^^^^^^^^^^^^^^^^^^^^^^
  File "C:\Users\Philemon\Desktop\Coding\education_system\backend\.venv\Lib\site-packages\langchain_core\retrievers.py", line 259, in invoke
    result = self._get_relevant_documents(
             ^^^^^^^^^^^^^^^^^^^^^^^^^^^^^
  File "C:\Users\Philemon\Desktop\Coding\education_system\backend\.venv\Lib\site-packages\langchain_core\vectorstores\base.py", line 1074, in _get_relevant_documents
    docs = self.vectorstore.similarity_search(query, **_kwargs)
           ^^^^^^^^^^^^^^^^^^^^^^^^^^^^^^^^^^^^^^^^^^^^^^^^^^^^
  File "C:\Users\Philemon\Desktop\Coding\education_system\backend\.venv\Lib\site-packages\langchain_qdrant\qdrant.py", line 508, in similarity_search
    results = self.similarity_search_with_score(
              ^^^^^^^^^^^^^^^^^^^^^^^^^^^^^^^^^^
  File "C:\Users\Philemon\Desktop\Coding\education_system\backend\.venv\Lib\site-packages\langchain_qdrant\qdrant.py", line 554, in similarity_search_with_score
    results = self.client.query_points(
              ^^^^^^^^^^^^^^^^^^^^^^^^^
  File "C:\Users\Philemon\Desktop\Coding\education_system\backend\.venv\Lib\site-packages\qdrant_client\qdrant_client.py", line 559, in query_points
    return self._client.query_points(
           ^^^^^^^^^^^^^^^^^^^^^^^^^^
  File "C:\Users\Philemon\Desktop\Coding\education_system\backend\.venv\Lib\site-packages\qdrant_client\qdrant_remote.py", line 637, in query_points
    grpc.QueryPoints(
ValueError: Protocol message Condition has no "key" field.
2025-10-26 14:01:52,330 [ERROR] django.request: Internal Server Error: /quiz
Traceback (most recent call last):
  File "C:\Users\Philemon\Desktop\Coding\education_system\backend\.venv\Lib\site-packages\django\core\handlers\exception.py", line 55, in inner
    response = get_response(request)
               ^^^^^^^^^^^^^^^^^^^^^
  File "C:\Users\Philemon\Desktop\Coding\education_system\backend\.venv\Lib\site-packages\django\core\handlers\base.py", line 197, in _get_response
    response = wrapped_callback(request, *callback_args, **callback_kwargs)
               ^^^^^^^^^^^^^^^^^^^^^^^^^^^^^^^^^^^^^^^^^^^^^^^^^^^^^^^^^^^^
  File "C:\Users\Philemon\Desktop\Coding\education_system\backend\.venv\Lib\site-packages\django\views\decorators\csrf.py", line 65, in _view_wrapper
    return view_func(request, *args, **kwargs)
           ^^^^^^^^^^^^^^^^^^^^^^^^^^^^^^^^^^^
  File "C:\Users\Philemon\Desktop\Coding\education_system\backend\.venv\Lib\site-packages\django\views\generic\base.py", line 104, in view
    return self.dispatch(request, *args, **kwargs)
           ^^^^^^^^^^^^^^^^^^^^^^^^^^^^^^^^^^^^^^^
  File "C:\Users\Philemon\Desktop\Coding\education_system\backend\.venv\Lib\site-packages\rest_framework\views.py", line 509, in dispatch
    response = self.handle_exception(exc)
               ^^^^^^^^^^^^^^^^^^^^^^^^^^
  File "C:\Users\Philemon\Desktop\Coding\education_system\backend\.venv\Lib\site-packages\rest_framework\views.py", line 469, in handle_exception
    self.raise_uncaught_exception(exc)
  File "C:\Users\Philemon\Desktop\Coding\education_system\backend\.venv\Lib\site-packages\rest_framework\views.py", line 480, in raise_uncaught_exception
    raise exc
  File "C:\Users\Philemon\Desktop\Coding\education_system\backend\.venv\Lib\site-packages\rest_framework\views.py", line 506, in dispatch
    response = handler(request, *args, **kwargs)
               ^^^^^^^^^^^^^^^^^^^^^^^^^^^^^^^^^
  File "C:\Users\Philemon\Desktop\Coding\education_system\backend\.venv\Lib\site-packages\rest_framework\decorators.py", line 50, in handler
    return func(*args, **kwargs)
           ^^^^^^^^^^^^^^^^^^^^^
  File "C:\Users\Philemon\Desktop\Coding\education_system\backend\rag\views.py", line 265, in quiz
    response = langraph_service.get_quiz(document.id, number_of_questions)
               ^^^^^^^^^^^^^^^^^^^^^^^^^^^^^^^^^^^^^^^^^^^^^^^^^^^^^^^^^^^
  File "C:\Users\Philemon\Desktop\Coding\education_system\backend\rag\services\langgraph_service.py", line 247, in get_quiz
    response = qa_chain.invoke({"query": "Generate quiz questions"})
               ^^^^^^^^^^^^^^^^^^^^^^^^^^^^^^^^^^^^^^^^^^^^^^^^^^^^^
  File "C:\Users\Philemon\Desktop\Coding\education_system\backend\.venv\Lib\site-packages\langchain\chains\base.py", line 170, in invoke
    raise e
  File "C:\Users\Philemon\Desktop\Coding\education_system\backend\.venv\Lib\site-packages\langchain\chains\base.py", line 160, in invoke
    self._call(inputs, run_manager=run_manager)
  File "C:\Users\Philemon\Desktop\Coding\education_system\backend\.venv\Lib\site-packages\langchain\chains\retrieval_qa\base.py", line 151, in _call
    docs = self._get_docs(question, run_manager=_run_manager)
           ^^^^^^^^^^^^^^^^^^^^^^^^^^^^^^^^^^^^^^^^^^^^^^^^^^
  File "C:\Users\Philemon\Desktop\Coding\education_system\backend\.venv\Lib\site-packages\langchain\chains\retrieval_qa\base.py", line 271, in _get_docs
    return self.retriever.invoke(
           ^^^^^^^^^^^^^^^^^^^^^^
  File "C:\Users\Philemon\Desktop\Coding\education_system\backend\.venv\Lib\site-packages\langchain_core\retrievers.py", line 259, in invoke
    result = self._get_relevant_documents(
             ^^^^^^^^^^^^^^^^^^^^^^^^^^^^^
  File "C:\Users\Philemon\Desktop\Coding\education_system\backend\.venv\Lib\site-packages\langchain_core\vectorstores\base.py", line 1074, in _get_relevant_documents
    docs = self.vectorstore.similarity_search(query, **_kwargs)
           ^^^^^^^^^^^^^^^^^^^^^^^^^^^^^^^^^^^^^^^^^^^^^^^^^^^^
  File "C:\Users\Philemon\Desktop\Coding\education_system\backend\.venv\Lib\site-packages\langchain_qdrant\qdrant.py", line 508, in similarity_search
    results = self.similarity_search_with_score(
              ^^^^^^^^^^^^^^^^^^^^^^^^^^^^^^^^^^
  File "C:\Users\Philemon\Desktop\Coding\education_system\backend\.venv\Lib\site-packages\langchain_qdrant\qdrant.py", line 554, in similarity_search_with_score
    results = self.client.query_points(
              ^^^^^^^^^^^^^^^^^^^^^^^^^
  File "C:\Users\Philemon\Desktop\Coding\education_system\backend\.venv\Lib\site-packages\qdrant_client\qdrant_client.py", line 559, in query_points
    return self._client.query_points(
           ^^^^^^^^^^^^^^^^^^^^^^^^^^
  File "C:\Users\Philemon\Desktop\Coding\education_system\backend\.venv\Lib\site-packages\qdrant_client\qdrant_remote.py", line 637, in query_points
    grpc.QueryPoints(
ValueError: Protocol message Condition has no "key" field.
2025-10-26 14:01:52,336 [ERROR] django.request: Internal Server Error: /quiz
Traceback (most recent call last):
  File "C:\Users\Philemon\Desktop\Coding\education_system\backend\.venv\Lib\site-packages\django\core\handlers\exception.py", line 55, in inner
    response = get_response(request)
               ^^^^^^^^^^^^^^^^^^^^^
  File "C:\Users\Philemon\Desktop\Coding\education_system\backend\.venv\Lib\site-packages\django\core\handlers\base.py", line 197, in _get_response
    response = wrapped_callback(request, *callback_args, **callback_kwargs)
               ^^^^^^^^^^^^^^^^^^^^^^^^^^^^^^^^^^^^^^^^^^^^^^^^^^^^^^^^^^^^
  File "C:\Users\Philemon\Desktop\Coding\education_system\backend\.venv\Lib\site-packages\django\views\decorators\csrf.py", line 65, in _view_wrapper
    return view_func(request, *args, **kwargs)
           ^^^^^^^^^^^^^^^^^^^^^^^^^^^^^^^^^^^
  File "C:\Users\Philemon\Desktop\Coding\education_system\backend\.venv\Lib\site-packages\django\views\generic\base.py", line 104, in view
    return self.dispatch(request, *args, **kwargs)
           ^^^^^^^^^^^^^^^^^^^^^^^^^^^^^^^^^^^^^^^
  File "C:\Users\Philemon\Desktop\Coding\education_system\backend\.venv\Lib\site-packages\rest_framework\views.py", line 509, in dispatch
    response = self.handle_exception(exc)
               ^^^^^^^^^^^^^^^^^^^^^^^^^^
  File "C:\Users\Philemon\Desktop\Coding\education_system\backend\.venv\Lib\site-packages\rest_framework\views.py", line 469, in handle_exception
    self.raise_uncaught_exception(exc)
  File "C:\Users\Philemon\Desktop\Coding\education_system\backend\.venv\Lib\site-packages\rest_framework\views.py", line 480, in raise_uncaught_exception
    raise exc
  File "C:\Users\Philemon\Desktop\Coding\education_system\backend\.venv\Lib\site-packages\rest_framework\views.py", line 506, in dispatch
    response = handler(request, *args, **kwargs)
               ^^^^^^^^^^^^^^^^^^^^^^^^^^^^^^^^^
  File "C:\Users\Philemon\Desktop\Coding\education_system\backend\.venv\Lib\site-packages\rest_framework\decorators.py", line 50, in handler
    return func(*args, **kwargs)
           ^^^^^^^^^^^^^^^^^^^^^
  File "C:\Users\Philemon\Desktop\Coding\education_system\backend\rag\views.py", line 265, in quiz
    response = langraph_service.get_quiz(document.id, number_of_questions)
               ^^^^^^^^^^^^^^^^^^^^^^^^^^^^^^^^^^^^^^^^^^^^^^^^^^^^^^^^^^^
  File "C:\Users\Philemon\Desktop\Coding\education_system\backend\rag\services\langgraph_service.py", line 247, in get_quiz
    response = qa_chain.invoke({"query": "Generate quiz questions"})
               ^^^^^^^^^^^^^^^^^^^^^^^^^^^^^^^^^^^^^^^^^^^^^^^^^^^^^
  File "C:\Users\Philemon\Desktop\Coding\education_system\backend\.venv\Lib\site-packages\langchain\chains\base.py", line 170, in invoke
    raise e
  File "C:\Users\Philemon\Desktop\Coding\education_system\backend\.venv\Lib\site-packages\langchain\chains\base.py", line 160, in invoke
    self._call(inputs, run_manager=run_manager)
  File "C:\Users\Philemon\Desktop\Coding\education_system\backend\.venv\Lib\site-packages\langchain\chains\retrieval_qa\base.py", line 151, in _call
    docs = self._get_docs(question, run_manager=_run_manager)
           ^^^^^^^^^^^^^^^^^^^^^^^^^^^^^^^^^^^^^^^^^^^^^^^^^^
  File "C:\Users\Philemon\Desktop\Coding\education_system\backend\.venv\Lib\site-packages\langchain\chains\retrieval_qa\base.py", line 271, in _get_docs
    return self.retriever.invoke(
           ^^^^^^^^^^^^^^^^^^^^^^
  File "C:\Users\Philemon\Desktop\Coding\education_system\backend\.venv\Lib\site-packages\langchain_core\retrievers.py", line 259, in invoke
    result = self._get_relevant_documents(
             ^^^^^^^^^^^^^^^^^^^^^^^^^^^^^
  File "C:\Users\Philemon\Desktop\Coding\education_system\backend\.venv\Lib\site-packages\langchain_core\vectorstores\base.py", line 1074, in _get_relevant_documents
    docs = self.vectorstore.similarity_search(query, **_kwargs)
           ^^^^^^^^^^^^^^^^^^^^^^^^^^^^^^^^^^^^^^^^^^^^^^^^^^^^
  File "C:\Users\Philemon\Desktop\Coding\education_system\backend\.venv\Lib\site-packages\langchain_qdrant\qdrant.py", line 508, in similarity_search
    results = self.similarity_search_with_score(
              ^^^^^^^^^^^^^^^^^^^^^^^^^^^^^^^^^^
  File "C:\Users\Philemon\Desktop\Coding\education_system\backend\.venv\Lib\site-packages\langchain_qdrant\qdrant.py", line 554, in similarity_search_with_score
    results = self.client.query_points(
              ^^^^^^^^^^^^^^^^^^^^^^^^^
  File "C:\Users\Philemon\Desktop\Coding\education_system\backend\.venv\Lib\site-packages\qdrant_client\qdrant_client.py", line 559, in query_points
    return self._client.query_points(
           ^^^^^^^^^^^^^^^^^^^^^^^^^^
  File "C:\Users\Philemon\Desktop\Coding\education_system\backend\.venv\Lib\site-packages\qdrant_client\qdrant_remote.py", line 637, in query_points
    grpc.QueryPoints(
ValueError: Protocol message Condition has no "key" field.
2025-10-26 14:01:52,346 [ERROR] django.server: "GET /quiz?document_id=69&number_of_questions=5&library_id=3 HTTP/1.1" 500 214361
2025-10-26 14:01:52,352 [ERROR] django.server: "GET /quiz?document_id=69&number_of_questions=5&library_id=3 HTTP/1.1" 500 214361
2025-10-26 14:06:43,322 [INFO] django.utils.autoreload: C:\Users\Philemon\Desktop\Coding\education_system\backend\rag\services\langgraph_service.py changed, reloading.
2025-10-26 14:06:58,022 [INFO] sentence_transformers.SentenceTransformer: Use pytorch device_name: cpu
2025-10-26 14:06:58,022 [INFO] sentence_transformers.SentenceTransformer: Load pretrained SentenceTransformer: all-MiniLM-L6-v2
2025-10-26 14:07:04,621 [INFO] django.utils.autoreload: Watching for file changes with StatReloader
2025-10-26 14:07:05,690 [INFO] django.server: "OPTIONS /quiz?document_id=69&number_of_questions=5&library_id=3 HTTP/1.1" 200 0
2025-10-26 14:07:05,691 [INFO] django.server: "OPTIONS /quiz?document_id=69&number_of_questions=5&library_id=3 HTTP/1.1" 200 0
2025-10-26 14:07:05,748 [WARNING] django.request: Unauthorized: /quiz
2025-10-26 14:07:05,749 [WARNING] django.request: Unauthorized: /quiz
2025-10-26 14:07:05,750 [WARNING] django.server: "GET /quiz?document_id=69&number_of_questions=5&library_id=3 HTTP/1.1" 401 172
2025-10-26 14:07:05,751 [WARNING] django.server: "GET /quiz?document_id=69&number_of_questions=5&library_id=3 HTTP/1.1" 401 172
2025-10-26 14:07:05,809 [INFO] django.server: "OPTIONS /auth/api/token/refresh/ HTTP/1.1" 200 0
2025-10-26 14:07:05,809 [INFO] django.server: "OPTIONS /auth/api/token/refresh/ HTTP/1.1" 200 0
2025-10-26 14:07:05,919 [INFO] django.server: "POST /auth/api/token/refresh/ HTTP/1.1" 200 241
2025-10-26 14:07:05,923 [INFO] django.server: "POST /auth/api/token/refresh/ HTTP/1.1" 200 241
2025-10-26 14:07:05,978 [INFO] django.server: "OPTIONS /quiz?document_id=69&number_of_questions=5&library_id=3 HTTP/1.1" 200 0
2025-10-26 14:07:05,980 [INFO] django.server: "OPTIONS /quiz?document_id=69&number_of_questions=5&library_id=3 HTTP/1.1" 200 0
2025-10-26 14:07:22,909 [INFO] django.server: "OPTIONS /quiz?document_id=69&number_of_questions=5&library_id=3 HTTP/1.1" 200 0
2025-10-26 14:07:22,910 [INFO] django.server: "OPTIONS /quiz?document_id=69&number_of_questions=5&library_id=3 HTTP/1.1" 200 0
2025-10-26 14:07:23,000 [INFO] rag.views: quiz generation requested by user=gbesh document_id=69 num=5
2025-10-26 14:07:23,006 [INFO] rag.views: quiz generation requested by user=gbesh document_id=69 num=5
2025-10-26 14:07:23,037 [ERROR] rag.services.langgraph_service: Failed to generate quiz questions
Traceback (most recent call last):
  File "C:\Users\Philemon\Desktop\Coding\education_system\backend\rag\services\langgraph_service.py", line 247, in get_quiz
    response = qa_chain.invoke({"query": "Generate quiz questions"})
               ^^^^^^^^^^^^^^^^^^^^^^^^^^^^^^^^^^^^^^^^^^^^^^^^^^^^^
  File "C:\Users\Philemon\Desktop\Coding\education_system\backend\.venv\Lib\site-packages\langchain\chains\base.py", line 170, in invoke
    raise e
  File "C:\Users\Philemon\Desktop\Coding\education_system\backend\.venv\Lib\site-packages\langchain\chains\base.py", line 160, in invoke
    self._call(inputs, run_manager=run_manager)
  File "C:\Users\Philemon\Desktop\Coding\education_system\backend\.venv\Lib\site-packages\langchain\chains\retrieval_qa\base.py", line 151, in _call
    docs = self._get_docs(question, run_manager=_run_manager)
           ^^^^^^^^^^^^^^^^^^^^^^^^^^^^^^^^^^^^^^^^^^^^^^^^^^
  File "C:\Users\Philemon\Desktop\Coding\education_system\backend\.venv\Lib\site-packages\langchain\chains\retrieval_qa\base.py", line 271, in _get_docs
    return self.retriever.invoke(
           ^^^^^^^^^^^^^^^^^^^^^^
  File "C:\Users\Philemon\Desktop\Coding\education_system\backend\.venv\Lib\site-packages\langchain_core\retrievers.py", line 259, in invoke
    result = self._get_relevant_documents(
             ^^^^^^^^^^^^^^^^^^^^^^^^^^^^^
  File "C:\Users\Philemon\Desktop\Coding\education_system\backend\.venv\Lib\site-packages\langchain_core\vectorstores\base.py", line 1074, in _get_relevant_documents
    docs = self.vectorstore.similarity_search(query, **_kwargs)
           ^^^^^^^^^^^^^^^^^^^^^^^^^^^^^^^^^^^^^^^^^^^^^^^^^^^^
  File "C:\Users\Philemon\Desktop\Coding\education_system\backend\.venv\Lib\site-packages\langchain_qdrant\qdrant.py", line 508, in similarity_search
    results = self.similarity_search_with_score(
              ^^^^^^^^^^^^^^^^^^^^^^^^^^^^^^^^^^
  File "C:\Users\Philemon\Desktop\Coding\education_system\backend\.venv\Lib\site-packages\langchain_qdrant\qdrant.py", line 554, in similarity_search_with_score
    results = self.client.query_points(
              ^^^^^^^^^^^^^^^^^^^^^^^^^
  File "C:\Users\Philemon\Desktop\Coding\education_system\backend\.venv\Lib\site-packages\qdrant_client\qdrant_client.py", line 559, in query_points
    return self._client.query_points(
           ^^^^^^^^^^^^^^^^^^^^^^^^^^
  File "C:\Users\Philemon\Desktop\Coding\education_system\backend\.venv\Lib\site-packages\qdrant_client\qdrant_remote.py", line 637, in query_points
    grpc.QueryPoints(
ValueError: Protocol message Condition has no "key" field.
2025-10-26 14:07:23,038 [ERROR] rag.services.langgraph_service: Failed to generate quiz questions
Traceback (most recent call last):
  File "C:\Users\Philemon\Desktop\Coding\education_system\backend\rag\services\langgraph_service.py", line 247, in get_quiz
    response = qa_chain.invoke({"query": "Generate quiz questions"})
               ^^^^^^^^^^^^^^^^^^^^^^^^^^^^^^^^^^^^^^^^^^^^^^^^^^^^^
  File "C:\Users\Philemon\Desktop\Coding\education_system\backend\.venv\Lib\site-packages\langchain\chains\base.py", line 170, in invoke
    raise e
  File "C:\Users\Philemon\Desktop\Coding\education_system\backend\.venv\Lib\site-packages\langchain\chains\base.py", line 160, in invoke
    self._call(inputs, run_manager=run_manager)
  File "C:\Users\Philemon\Desktop\Coding\education_system\backend\.venv\Lib\site-packages\langchain\chains\retrieval_qa\base.py", line 151, in _call
    docs = self._get_docs(question, run_manager=_run_manager)
           ^^^^^^^^^^^^^^^^^^^^^^^^^^^^^^^^^^^^^^^^^^^^^^^^^^
  File "C:\Users\Philemon\Desktop\Coding\education_system\backend\.venv\Lib\site-packages\langchain\chains\retrieval_qa\base.py", line 271, in _get_docs
    return self.retriever.invoke(
           ^^^^^^^^^^^^^^^^^^^^^^
  File "C:\Users\Philemon\Desktop\Coding\education_system\backend\.venv\Lib\site-packages\langchain_core\retrievers.py", line 259, in invoke
    result = self._get_relevant_documents(
             ^^^^^^^^^^^^^^^^^^^^^^^^^^^^^
  File "C:\Users\Philemon\Desktop\Coding\education_system\backend\.venv\Lib\site-packages\langchain_core\vectorstores\base.py", line 1074, in _get_relevant_documents
    docs = self.vectorstore.similarity_search(query, **_kwargs)
           ^^^^^^^^^^^^^^^^^^^^^^^^^^^^^^^^^^^^^^^^^^^^^^^^^^^^
  File "C:\Users\Philemon\Desktop\Coding\education_system\backend\.venv\Lib\site-packages\langchain_qdrant\qdrant.py", line 508, in similarity_search
    results = self.similarity_search_with_score(
              ^^^^^^^^^^^^^^^^^^^^^^^^^^^^^^^^^^
  File "C:\Users\Philemon\Desktop\Coding\education_system\backend\.venv\Lib\site-packages\langchain_qdrant\qdrant.py", line 554, in similarity_search_with_score
    results = self.client.query_points(
              ^^^^^^^^^^^^^^^^^^^^^^^^^
  File "C:\Users\Philemon\Desktop\Coding\education_system\backend\.venv\Lib\site-packages\qdrant_client\qdrant_client.py", line 559, in query_points
    return self._client.query_points(
           ^^^^^^^^^^^^^^^^^^^^^^^^^^
  File "C:\Users\Philemon\Desktop\Coding\education_system\backend\.venv\Lib\site-packages\qdrant_client\qdrant_remote.py", line 637, in query_points
    grpc.QueryPoints(
ValueError: Protocol message Condition has no "key" field.
2025-10-26 14:07:23,144 [ERROR] django.request: Internal Server Error: /quiz
Traceback (most recent call last):
  File "C:\Users\Philemon\Desktop\Coding\education_system\backend\.venv\Lib\site-packages\django\core\handlers\exception.py", line 55, in inner
    response = get_response(request)
               ^^^^^^^^^^^^^^^^^^^^^
  File "C:\Users\Philemon\Desktop\Coding\education_system\backend\.venv\Lib\site-packages\django\core\handlers\base.py", line 197, in _get_response
    response = wrapped_callback(request, *callback_args, **callback_kwargs)
               ^^^^^^^^^^^^^^^^^^^^^^^^^^^^^^^^^^^^^^^^^^^^^^^^^^^^^^^^^^^^
  File "C:\Users\Philemon\Desktop\Coding\education_system\backend\.venv\Lib\site-packages\django\views\decorators\csrf.py", line 65, in _view_wrapper
    return view_func(request, *args, **kwargs)
           ^^^^^^^^^^^^^^^^^^^^^^^^^^^^^^^^^^^
  File "C:\Users\Philemon\Desktop\Coding\education_system\backend\.venv\Lib\site-packages\django\views\generic\base.py", line 104, in view
    return self.dispatch(request, *args, **kwargs)
           ^^^^^^^^^^^^^^^^^^^^^^^^^^^^^^^^^^^^^^^
  File "C:\Users\Philemon\Desktop\Coding\education_system\backend\.venv\Lib\site-packages\rest_framework\views.py", line 509, in dispatch
    response = self.handle_exception(exc)
               ^^^^^^^^^^^^^^^^^^^^^^^^^^
  File "C:\Users\Philemon\Desktop\Coding\education_system\backend\.venv\Lib\site-packages\rest_framework\views.py", line 469, in handle_exception
    self.raise_uncaught_exception(exc)
  File "C:\Users\Philemon\Desktop\Coding\education_system\backend\.venv\Lib\site-packages\rest_framework\views.py", line 480, in raise_uncaught_exception
    raise exc
  File "C:\Users\Philemon\Desktop\Coding\education_system\backend\.venv\Lib\site-packages\rest_framework\views.py", line 506, in dispatch
    response = handler(request, *args, **kwargs)
               ^^^^^^^^^^^^^^^^^^^^^^^^^^^^^^^^^
  File "C:\Users\Philemon\Desktop\Coding\education_system\backend\.venv\Lib\site-packages\rest_framework\decorators.py", line 50, in handler
    return func(*args, **kwargs)
           ^^^^^^^^^^^^^^^^^^^^^
  File "C:\Users\Philemon\Desktop\Coding\education_system\backend\rag\views.py", line 265, in quiz
    response = langraph_service.get_quiz(document.id, number_of_questions)
               ^^^^^^^^^^^^^^^^^^^^^^^^^^^^^^^^^^^^^^^^^^^^^^^^^^^^^^^^^^^
  File "C:\Users\Philemon\Desktop\Coding\education_system\backend\rag\services\langgraph_service.py", line 247, in get_quiz
    response = qa_chain.invoke({"query": "Generate quiz questions"})
               ^^^^^^^^^^^^^^^^^^^^^^^^^^^^^^^^^^^^^^^^^^^^^^^^^^^^^
  File "C:\Users\Philemon\Desktop\Coding\education_system\backend\.venv\Lib\site-packages\langchain\chains\base.py", line 170, in invoke
    raise e
  File "C:\Users\Philemon\Desktop\Coding\education_system\backend\.venv\Lib\site-packages\langchain\chains\base.py", line 160, in invoke
    self._call(inputs, run_manager=run_manager)
  File "C:\Users\Philemon\Desktop\Coding\education_system\backend\.venv\Lib\site-packages\langchain\chains\retrieval_qa\base.py", line 151, in _call
    docs = self._get_docs(question, run_manager=_run_manager)
           ^^^^^^^^^^^^^^^^^^^^^^^^^^^^^^^^^^^^^^^^^^^^^^^^^^
  File "C:\Users\Philemon\Desktop\Coding\education_system\backend\.venv\Lib\site-packages\langchain\chains\retrieval_qa\base.py", line 271, in _get_docs
    return self.retriever.invoke(
           ^^^^^^^^^^^^^^^^^^^^^^
  File "C:\Users\Philemon\Desktop\Coding\education_system\backend\.venv\Lib\site-packages\langchain_core\retrievers.py", line 259, in invoke
    result = self._get_relevant_documents(
             ^^^^^^^^^^^^^^^^^^^^^^^^^^^^^
  File "C:\Users\Philemon\Desktop\Coding\education_system\backend\.venv\Lib\site-packages\langchain_core\vectorstores\base.py", line 1074, in _get_relevant_documents
    docs = self.vectorstore.similarity_search(query, **_kwargs)
           ^^^^^^^^^^^^^^^^^^^^^^^^^^^^^^^^^^^^^^^^^^^^^^^^^^^^
  File "C:\Users\Philemon\Desktop\Coding\education_system\backend\.venv\Lib\site-packages\langchain_qdrant\qdrant.py", line 508, in similarity_search
    results = self.similarity_search_with_score(
              ^^^^^^^^^^^^^^^^^^^^^^^^^^^^^^^^^^
  File "C:\Users\Philemon\Desktop\Coding\education_system\backend\.venv\Lib\site-packages\langchain_qdrant\qdrant.py", line 554, in similarity_search_with_score
    results = self.client.query_points(
              ^^^^^^^^^^^^^^^^^^^^^^^^^
  File "C:\Users\Philemon\Desktop\Coding\education_system\backend\.venv\Lib\site-packages\qdrant_client\qdrant_client.py", line 559, in query_points
    return self._client.query_points(
           ^^^^^^^^^^^^^^^^^^^^^^^^^^
  File "C:\Users\Philemon\Desktop\Coding\education_system\backend\.venv\Lib\site-packages\qdrant_client\qdrant_remote.py", line 637, in query_points
    grpc.QueryPoints(
ValueError: Protocol message Condition has no "key" field.
2025-10-26 14:07:23,145 [ERROR] django.request: Internal Server Error: /quiz
Traceback (most recent call last):
  File "C:\Users\Philemon\Desktop\Coding\education_system\backend\.venv\Lib\site-packages\django\core\handlers\exception.py", line 55, in inner
    response = get_response(request)
               ^^^^^^^^^^^^^^^^^^^^^
  File "C:\Users\Philemon\Desktop\Coding\education_system\backend\.venv\Lib\site-packages\django\core\handlers\base.py", line 197, in _get_response
    response = wrapped_callback(request, *callback_args, **callback_kwargs)
               ^^^^^^^^^^^^^^^^^^^^^^^^^^^^^^^^^^^^^^^^^^^^^^^^^^^^^^^^^^^^
  File "C:\Users\Philemon\Desktop\Coding\education_system\backend\.venv\Lib\site-packages\django\views\decorators\csrf.py", line 65, in _view_wrapper
    return view_func(request, *args, **kwargs)
           ^^^^^^^^^^^^^^^^^^^^^^^^^^^^^^^^^^^
  File "C:\Users\Philemon\Desktop\Coding\education_system\backend\.venv\Lib\site-packages\django\views\generic\base.py", line 104, in view
    return self.dispatch(request, *args, **kwargs)
           ^^^^^^^^^^^^^^^^^^^^^^^^^^^^^^^^^^^^^^^
  File "C:\Users\Philemon\Desktop\Coding\education_system\backend\.venv\Lib\site-packages\rest_framework\views.py", line 509, in dispatch
    response = self.handle_exception(exc)
               ^^^^^^^^^^^^^^^^^^^^^^^^^^
  File "C:\Users\Philemon\Desktop\Coding\education_system\backend\.venv\Lib\site-packages\rest_framework\views.py", line 469, in handle_exception
    self.raise_uncaught_exception(exc)
  File "C:\Users\Philemon\Desktop\Coding\education_system\backend\.venv\Lib\site-packages\rest_framework\views.py", line 480, in raise_uncaught_exception
    raise exc
  File "C:\Users\Philemon\Desktop\Coding\education_system\backend\.venv\Lib\site-packages\rest_framework\views.py", line 506, in dispatch
    response = handler(request, *args, **kwargs)
               ^^^^^^^^^^^^^^^^^^^^^^^^^^^^^^^^^
  File "C:\Users\Philemon\Desktop\Coding\education_system\backend\.venv\Lib\site-packages\rest_framework\decorators.py", line 50, in handler
    return func(*args, **kwargs)
           ^^^^^^^^^^^^^^^^^^^^^
  File "C:\Users\Philemon\Desktop\Coding\education_system\backend\rag\views.py", line 265, in quiz
    response = langraph_service.get_quiz(document.id, number_of_questions)
               ^^^^^^^^^^^^^^^^^^^^^^^^^^^^^^^^^^^^^^^^^^^^^^^^^^^^^^^^^^^
  File "C:\Users\Philemon\Desktop\Coding\education_system\backend\rag\services\langgraph_service.py", line 247, in get_quiz
    response = qa_chain.invoke({"query": "Generate quiz questions"})
               ^^^^^^^^^^^^^^^^^^^^^^^^^^^^^^^^^^^^^^^^^^^^^^^^^^^^^
  File "C:\Users\Philemon\Desktop\Coding\education_system\backend\.venv\Lib\site-packages\langchain\chains\base.py", line 170, in invoke
    raise e
  File "C:\Users\Philemon\Desktop\Coding\education_system\backend\.venv\Lib\site-packages\langchain\chains\base.py", line 160, in invoke
    self._call(inputs, run_manager=run_manager)
  File "C:\Users\Philemon\Desktop\Coding\education_system\backend\.venv\Lib\site-packages\langchain\chains\retrieval_qa\base.py", line 151, in _call
    docs = self._get_docs(question, run_manager=_run_manager)
           ^^^^^^^^^^^^^^^^^^^^^^^^^^^^^^^^^^^^^^^^^^^^^^^^^^
  File "C:\Users\Philemon\Desktop\Coding\education_system\backend\.venv\Lib\site-packages\langchain\chains\retrieval_qa\base.py", line 271, in _get_docs
    return self.retriever.invoke(
           ^^^^^^^^^^^^^^^^^^^^^^
  File "C:\Users\Philemon\Desktop\Coding\education_system\backend\.venv\Lib\site-packages\langchain_core\retrievers.py", line 259, in invoke
    result = self._get_relevant_documents(
             ^^^^^^^^^^^^^^^^^^^^^^^^^^^^^
  File "C:\Users\Philemon\Desktop\Coding\education_system\backend\.venv\Lib\site-packages\langchain_core\vectorstores\base.py", line 1074, in _get_relevant_documents
    docs = self.vectorstore.similarity_search(query, **_kwargs)
           ^^^^^^^^^^^^^^^^^^^^^^^^^^^^^^^^^^^^^^^^^^^^^^^^^^^^
  File "C:\Users\Philemon\Desktop\Coding\education_system\backend\.venv\Lib\site-packages\langchain_qdrant\qdrant.py", line 508, in similarity_search
    results = self.similarity_search_with_score(
              ^^^^^^^^^^^^^^^^^^^^^^^^^^^^^^^^^^
  File "C:\Users\Philemon\Desktop\Coding\education_system\backend\.venv\Lib\site-packages\langchain_qdrant\qdrant.py", line 554, in similarity_search_with_score
    results = self.client.query_points(
              ^^^^^^^^^^^^^^^^^^^^^^^^^
  File "C:\Users\Philemon\Desktop\Coding\education_system\backend\.venv\Lib\site-packages\qdrant_client\qdrant_client.py", line 559, in query_points
    return self._client.query_points(
           ^^^^^^^^^^^^^^^^^^^^^^^^^^
  File "C:\Users\Philemon\Desktop\Coding\education_system\backend\.venv\Lib\site-packages\qdrant_client\qdrant_remote.py", line 637, in query_points
    grpc.QueryPoints(
ValueError: Protocol message Condition has no "key" field.
2025-10-26 14:07:23,154 [ERROR] django.server: "GET /quiz?document_id=69&number_of_questions=5&library_id=3 HTTP/1.1" 500 214333
2025-10-26 14:07:23,154 [ERROR] django.server: "GET /quiz?document_id=69&number_of_questions=5&library_id=3 HTTP/1.1" 500 214333
2025-10-26 14:07:41,276 [INFO] django.utils.autoreload: C:\Users\Philemon\Desktop\Coding\education_system\backend\rag\services\langgraph_service.py changed, reloading.
2025-10-26 14:07:51,208 [INFO] sentence_transformers.SentenceTransformer: Use pytorch device_name: cpu
2025-10-26 14:07:51,208 [INFO] sentence_transformers.SentenceTransformer: Load pretrained SentenceTransformer: all-MiniLM-L6-v2
2025-10-26 14:07:56,525 [INFO] django.utils.autoreload: Watching for file changes with StatReloader
2025-10-26 14:08:57,793 [INFO] django.server: "GET /Libraries HTTP/1.1" 200 265
2025-10-26 14:08:57,866 [INFO] django.server: "GET /Libraries HTTP/1.1" 200 265
2025-10-26 14:08:59,142 [INFO] rag.views: get_courses for library_id=3 by user=gbesh
2025-10-26 14:08:59,143 [INFO] django.server: "GET /getCourses?library_id=3 HTTP/1.1" 200 670
2025-10-26 14:08:59,220 [INFO] rag.views: get_courses for library_id=3 by user=gbesh
2025-10-26 14:08:59,221 [INFO] django.server: "GET /getCourses?library_id=3 HTTP/1.1" 200 670
2025-10-26 14:09:00,334 [INFO] rag.views: get_documents for course_id=40 by user=gbesh
2025-10-26 14:09:00,335 [INFO] django.server: "GET /getDocuments?course_id=40&library_id=3 HTTP/1.1" 200 340
2025-10-26 14:09:03,143 [INFO] django.server: "OPTIONS /question?query=Hello&course_id=40&library_id=3 HTTP/1.1" 200 0
2025-10-26 14:09:03,145 [INFO] django.server: "OPTIONS /question?query=Hello&course_id=40&library_id=3 HTTP/1.1" 200 0
2025-10-26 14:09:03,257 [INFO] rag.views: query_llm called: user=gbesh course_id=40 query=Hello document_count=2
2025-10-26 14:09:03,258 [INFO] rag.views: query_llm called: user=gbesh course_id=40 query=Hello document_count=2
2025-10-26 14:09:03,302 [ERROR] rag.views: Unexpected error querying LLM: No human message found in state.messages
Traceback (most recent call last):
  File "C:\Users\Philemon\Desktop\Coding\education_system\backend\rag\views.py", line 244, in query_llm
    response = langraph_service.get_chain(document_ids, query, course_id, request.user.id)
               ^^^^^^^^^^^^^^^^^^^^^^^^^^^^^^^^^^^^^^^^^^^^^^^^^^^^^^^^^^^^^^^^^^^^^^^^^^^
  File "C:\Users\Philemon\Desktop\Coding\education_system\backend\rag\services\langgraph_service.py", line 219, in get_chain
    return self.stream_graph_updates(graph, query, config)
           ^^^^^^^^^^^^^^^^^^^^^^^^^^^^^^^^^^^^^^^^^^^^^^^
  File "C:\Users\Philemon\Desktop\Coding\education_system\backend\rag\services\langgraph_service.py", line 181, in stream_graph_updates
    for message in graph.stream({"messages": [{"role": "user", "content": query}]}, config=config):
  File "C:\Users\Philemon\Desktop\Coding\education_system\backend\.venv\Lib\site-packages\langgraph\pregel\__init__.py", line 2340, in stream
    for _ in runner.tick(
  File "C:\Users\Philemon\Desktop\Coding\education_system\backend\.venv\Lib\site-packages\langgraph\pregel\runner.py", line 158, in tick
    run_with_retry(
  File "C:\Users\Philemon\Desktop\Coding\education_system\backend\.venv\Lib\site-packages\langgraph\pregel\retry.py", line 40, in run_with_retry
    return task.proc.invoke(task.input, config)
           ^^^^^^^^^^^^^^^^^^^^^^^^^^^^^^^^^^^^
  File "C:\Users\Philemon\Desktop\Coding\education_system\backend\.venv\Lib\site-packages\langgraph\utils\runnable.py", line 606, in invoke
    input = step.invoke(input, config, **kwargs)
            ^^^^^^^^^^^^^^^^^^^^^^^^^^^^^^^^^^^^
  File "C:\Users\Philemon\Desktop\Coding\education_system\backend\.venv\Lib\site-packages\langgraph\utils\runnable.py", line 371, in invoke
    ret = context.run(self.func, *args, **kwargs)
          ^^^^^^^^^^^^^^^^^^^^^^^^^^^^^^^^^^^^^^^
  File "C:\Users\Philemon\Desktop\Coding\education_system\backend\rag\services\langgraph_service.py", line 169, in chatbot
    raise ValueError("No human message found in state.messages")
ValueError: No human message found in state.messages
During task with name 'chatbot' and id '4972665e-6872-204c-295f-7cdf23f5a6dd'
2025-10-26 14:09:03,307 [ERROR] rag.views: Unexpected error querying LLM: No human message found in state.messages
Traceback (most recent call last):
  File "C:\Users\Philemon\Desktop\Coding\education_system\backend\rag\views.py", line 244, in query_llm
    response = langraph_service.get_chain(document_ids, query, course_id, request.user.id)
               ^^^^^^^^^^^^^^^^^^^^^^^^^^^^^^^^^^^^^^^^^^^^^^^^^^^^^^^^^^^^^^^^^^^^^^^^^^^
  File "C:\Users\Philemon\Desktop\Coding\education_system\backend\rag\services\langgraph_service.py", line 219, in get_chain
    return self.stream_graph_updates(graph, query, config)
           ^^^^^^^^^^^^^^^^^^^^^^^^^^^^^^^^^^^^^^^^^^^^^^^
  File "C:\Users\Philemon\Desktop\Coding\education_system\backend\rag\services\langgraph_service.py", line 181, in stream_graph_updates
    for message in graph.stream({"messages": [{"role": "user", "content": query}]}, config=config):
  File "C:\Users\Philemon\Desktop\Coding\education_system\backend\.venv\Lib\site-packages\langgraph\pregel\__init__.py", line 2340, in stream
    for _ in runner.tick(
  File "C:\Users\Philemon\Desktop\Coding\education_system\backend\.venv\Lib\site-packages\langgraph\pregel\runner.py", line 158, in tick
    run_with_retry(
  File "C:\Users\Philemon\Desktop\Coding\education_system\backend\.venv\Lib\site-packages\langgraph\pregel\retry.py", line 40, in run_with_retry
    return task.proc.invoke(task.input, config)
           ^^^^^^^^^^^^^^^^^^^^^^^^^^^^^^^^^^^^
  File "C:\Users\Philemon\Desktop\Coding\education_system\backend\.venv\Lib\site-packages\langgraph\utils\runnable.py", line 606, in invoke
    input = step.invoke(input, config, **kwargs)
            ^^^^^^^^^^^^^^^^^^^^^^^^^^^^^^^^^^^^
  File "C:\Users\Philemon\Desktop\Coding\education_system\backend\.venv\Lib\site-packages\langgraph\utils\runnable.py", line 371, in invoke
    ret = context.run(self.func, *args, **kwargs)
          ^^^^^^^^^^^^^^^^^^^^^^^^^^^^^^^^^^^^^^^
  File "C:\Users\Philemon\Desktop\Coding\education_system\backend\rag\services\langgraph_service.py", line 169, in chatbot
    raise ValueError("No human message found in state.messages")
ValueError: No human message found in state.messages
During task with name 'chatbot' and id 'cdc59765-7e24-0872-5c31-03777991b056'
2025-10-26 14:09:03,363 [ERROR] django.request: Service Unavailable: /question
2025-10-26 14:09:03,365 [ERROR] django.request: Service Unavailable: /question
2025-10-26 14:09:03,366 [ERROR] django.server: "GET /question?query=Hello&course_id=40&library_id=3 HTTP/1.1" 503 73
2025-10-26 14:09:03,367 [ERROR] django.server: "GET /question?query=Hello&course_id=40&library_id=3 HTTP/1.1" 503 73
2025-10-26 14:09:34,834 [INFO] django.utils.autoreload: C:\Users\Philemon\Desktop\Coding\education_system\backend\rag\services\langgraph_service.py changed, reloading.
2025-10-26 14:09:45,180 [INFO] sentence_transformers.SentenceTransformer: Use pytorch device_name: cpu
2025-10-26 14:09:45,181 [INFO] sentence_transformers.SentenceTransformer: Load pretrained SentenceTransformer: all-MiniLM-L6-v2
2025-10-26 14:09:50,970 [INFO] django.utils.autoreload: Watching for file changes with StatReloader
2025-10-26 14:13:06,396 [INFO] sentence_transformers.SentenceTransformer: Use pytorch device_name: cpu
2025-10-26 14:13:06,396 [INFO] sentence_transformers.SentenceTransformer: Load pretrained SentenceTransformer: all-MiniLM-L6-v2
2025-10-26 14:13:22,217 [INFO] sentence_transformers.SentenceTransformer: Use pytorch device_name: cpu
2025-10-26 14:13:22,218 [INFO] sentence_transformers.SentenceTransformer: Load pretrained SentenceTransformer: all-MiniLM-L6-v2
2025-10-26 14:13:27,903 [INFO] django.utils.autoreload: Watching for file changes with StatReloader
2025-10-26 14:13:36,782 [WARNING] django.request: Unauthorized: /question
2025-10-26 14:13:36,783 [WARNING] django.request: Unauthorized: /question
2025-10-26 14:13:36,807 [WARNING] django.server: "GET /question?query=Hello&course_id=40&library_id=3 HTTP/1.1" 401 172
2025-10-26 14:13:36,807 [WARNING] django.server: "GET /question?query=Hello&course_id=40&library_id=3 HTTP/1.1" 401 172
2025-10-26 14:13:37,051 [INFO] django.server: "POST /auth/api/token/refresh/ HTTP/1.1" 200 241
2025-10-26 14:13:37,053 [INFO] django.server: "POST /auth/api/token/refresh/ HTTP/1.1" 200 241
2025-10-26 14:13:37,113 [INFO] django.server: "OPTIONS /question?query=Hello&course_id=40&library_id=3 HTTP/1.1" 200 0
2025-10-26 14:13:37,116 [INFO] django.server: "OPTIONS /question?query=Hello&course_id=40&library_id=3 HTTP/1.1" 200 0
2025-10-26 14:13:46,399 [INFO] django.server: "OPTIONS /getCourses?library_id=3 HTTP/1.1" 200 0
2025-10-26 14:13:46,399 [INFO] django.server: "OPTIONS /getCourses?library_id=3 HTTP/1.1" 200 0
2025-10-26 14:13:46,496 [INFO] django.server: "OPTIONS /Libraries HTTP/1.1" 200 0
2025-10-26 14:13:46,497 [INFO] django.server: "OPTIONS /Libraries HTTP/1.1" 200 0
2025-10-26 14:13:49,827 [INFO] django.server: "OPTIONS /Libraries HTTP/1.1" 200 0
2025-10-26 14:13:49,827 [INFO] django.server: "OPTIONS /Libraries HTTP/1.1" 200 0
2025-10-26 14:13:49,953 [INFO] django.server: "GET /Libraries HTTP/1.1" 200 265
2025-10-26 14:13:49,953 [INFO] django.server: "GET /Libraries HTTP/1.1" 200 265
2025-10-26 14:13:51,100 [INFO] django.server: "OPTIONS /getCourses?library_id=3 HTTP/1.1" 200 0
2025-10-26 14:13:51,100 [INFO] django.server: "OPTIONS /getCourses?library_id=3 HTTP/1.1" 200 0
2025-10-26 14:13:51,244 [INFO] rag.views: get_courses for library_id=3 by user=gbesh
2025-10-26 14:13:51,244 [INFO] rag.views: get_courses for library_id=3 by user=gbesh
2025-10-26 14:13:51,246 [INFO] django.server: "GET /getCourses?library_id=3 HTTP/1.1" 200 670
2025-10-26 14:13:51,246 [INFO] django.server: "GET /getCourses?library_id=3 HTTP/1.1" 200 670
2025-10-26 14:13:52,618 [INFO] rag.views: get_documents for course_id=40 by user=gbesh
2025-10-26 14:13:52,619 [INFO] django.server: "GET /getDocuments?course_id=40&library_id=3 HTTP/1.1" 200 340
2025-10-26 14:13:57,858 [INFO] django.server: "OPTIONS /question?query=Give+me+a+summary&course_id=40&library_id=3 HTTP/1.1" 200 0
2025-10-26 14:13:57,858 [INFO] django.server: "OPTIONS /question?query=Give+me+a+summary&course_id=40&library_id=3 HTTP/1.1" 200 0
2025-10-26 14:13:57,962 [INFO] rag.views: query_llm called: user=gbesh course_id=40 query=Give me a summary document_count=2
2025-10-26 14:13:58,065 [INFO] rag.views: query_llm called: user=gbesh course_id=40 query=Give me a summary document_count=2
2025-10-26 14:13:58,114 [ERROR] rag.views: Unexpected error querying LLM: Protocol message Condition has no "key" field.
Traceback (most recent call last):
  File "C:\Users\Philemon\Desktop\Coding\education_system\backend\rag\views.py", line 244, in query_llm
    response = langraph_service.get_chain(document_ids, query, course_id, request.user.id)
               ^^^^^^^^^^^^^^^^^^^^^^^^^^^^^^^^^^^^^^^^^^^^^^^^^^^^^^^^^^^^^^^^^^^^^^^^^^^
  File "C:\Users\Philemon\Desktop\Coding\education_system\backend\rag\services\langgraph_service.py", line 219, in get_chain
    return self.stream_graph_updates(graph, query, config)
           ^^^^^^^^^^^^^^^^^^^^^^^^^^^^^^^^^^^^^^^^^^^^^^^
  File "C:\Users\Philemon\Desktop\Coding\education_system\backend\rag\services\langgraph_service.py", line 181, in stream_graph_updates
    for message in graph.stream({"messages": [{"role": "user", "content": query}]}, config=config):
  File "C:\Users\Philemon\Desktop\Coding\education_system\backend\.venv\Lib\site-packages\langgraph\pregel\__init__.py", line 2340, in stream
    for _ in runner.tick(
  File "C:\Users\Philemon\Desktop\Coding\education_system\backend\.venv\Lib\site-packages\langgraph\pregel\runner.py", line 158, in tick
    run_with_retry(
  File "C:\Users\Philemon\Desktop\Coding\education_system\backend\.venv\Lib\site-packages\langgraph\pregel\retry.py", line 40, in run_with_retry
    return task.proc.invoke(task.input, config)
           ^^^^^^^^^^^^^^^^^^^^^^^^^^^^^^^^^^^^
  File "C:\Users\Philemon\Desktop\Coding\education_system\backend\.venv\Lib\site-packages\langgraph\utils\runnable.py", line 606, in invoke
    input = step.invoke(input, config, **kwargs)
            ^^^^^^^^^^^^^^^^^^^^^^^^^^^^^^^^^^^^
  File "C:\Users\Philemon\Desktop\Coding\education_system\backend\.venv\Lib\site-packages\langgraph\utils\runnable.py", line 371, in invoke
    ret = context.run(self.func, *args, **kwargs)
          ^^^^^^^^^^^^^^^^^^^^^^^^^^^^^^^^^^^^^^^
  File "C:\Users\Philemon\Desktop\Coding\education_system\backend\rag\services\langgraph_service.py", line 172, in chatbot
    result = self.rag_chain.invoke(inputs)
             ^^^^^^^^^^^^^^^^^^^^^^^^^^^^^
  File "C:\Users\Philemon\Desktop\Coding\education_system\backend\.venv\Lib\site-packages\langchain_core\runnables\base.py", line 3029, in invoke
    input = context.run(step.invoke, input, config)
            ^^^^^^^^^^^^^^^^^^^^^^^^^^^^^^^^^^^^^^^
  File "C:\Users\Philemon\Desktop\Coding\education_system\backend\.venv\Lib\site-packages\langchain\chains\base.py", line 170, in invoke
    raise e
  File "C:\Users\Philemon\Desktop\Coding\education_system\backend\.venv\Lib\site-packages\langchain\chains\base.py", line 160, in invoke
    self._call(inputs, run_manager=run_manager)
  File "C:\Users\Philemon\Desktop\Coding\education_system\backend\.venv\Lib\site-packages\langchain\chains\retrieval_qa\base.py", line 151, in _call
    docs = self._get_docs(question, run_manager=_run_manager)
           ^^^^^^^^^^^^^^^^^^^^^^^^^^^^^^^^^^^^^^^^^^^^^^^^^^
  File "C:\Users\Philemon\Desktop\Coding\education_system\backend\.venv\Lib\site-packages\langchain\chains\retrieval_qa\base.py", line 271, in _get_docs
    return self.retriever.invoke(
           ^^^^^^^^^^^^^^^^^^^^^^
  File "C:\Users\Philemon\Desktop\Coding\education_system\backend\.venv\Lib\site-packages\langchain_core\retrievers.py", line 259, in invoke
    result = self._get_relevant_documents(
             ^^^^^^^^^^^^^^^^^^^^^^^^^^^^^
  File "C:\Users\Philemon\Desktop\Coding\education_system\backend\.venv\Lib\site-packages\langchain_core\vectorstores\base.py", line 1074, in _get_relevant_documents
    docs = self.vectorstore.similarity_search(query, **_kwargs)
           ^^^^^^^^^^^^^^^^^^^^^^^^^^^^^^^^^^^^^^^^^^^^^^^^^^^^
  File "C:\Users\Philemon\Desktop\Coding\education_system\backend\.venv\Lib\site-packages\langchain_qdrant\qdrant.py", line 508, in similarity_search
    results = self.similarity_search_with_score(
              ^^^^^^^^^^^^^^^^^^^^^^^^^^^^^^^^^^
  File "C:\Users\Philemon\Desktop\Coding\education_system\backend\.venv\Lib\site-packages\langchain_qdrant\qdrant.py", line 554, in similarity_search_with_score
    results = self.client.query_points(
              ^^^^^^^^^^^^^^^^^^^^^^^^^
  File "C:\Users\Philemon\Desktop\Coding\education_system\backend\.venv\Lib\site-packages\qdrant_client\qdrant_client.py", line 559, in query_points
    return self._client.query_points(
           ^^^^^^^^^^^^^^^^^^^^^^^^^^
  File "C:\Users\Philemon\Desktop\Coding\education_system\backend\.venv\Lib\site-packages\qdrant_client\qdrant_remote.py", line 637, in query_points
    grpc.QueryPoints(
ValueError: Protocol message Condition has no "key" field.
During task with name 'chatbot' and id '0e3ec032-15da-d647-8d27-17236ad47f6b'
2025-10-26 14:13:58,116 [ERROR] rag.views: Unexpected error querying LLM: Protocol message Condition has no "key" field.
Traceback (most recent call last):
  File "C:\Users\Philemon\Desktop\Coding\education_system\backend\rag\views.py", line 244, in query_llm
    response = langraph_service.get_chain(document_ids, query, course_id, request.user.id)
               ^^^^^^^^^^^^^^^^^^^^^^^^^^^^^^^^^^^^^^^^^^^^^^^^^^^^^^^^^^^^^^^^^^^^^^^^^^^
  File "C:\Users\Philemon\Desktop\Coding\education_system\backend\rag\services\langgraph_service.py", line 219, in get_chain
    return self.stream_graph_updates(graph, query, config)
           ^^^^^^^^^^^^^^^^^^^^^^^^^^^^^^^^^^^^^^^^^^^^^^^
  File "C:\Users\Philemon\Desktop\Coding\education_system\backend\rag\services\langgraph_service.py", line 181, in stream_graph_updates
    for message in graph.stream({"messages": [{"role": "user", "content": query}]}, config=config):
  File "C:\Users\Philemon\Desktop\Coding\education_system\backend\.venv\Lib\site-packages\langgraph\pregel\__init__.py", line 2340, in stream
    for _ in runner.tick(
  File "C:\Users\Philemon\Desktop\Coding\education_system\backend\.venv\Lib\site-packages\langgraph\pregel\runner.py", line 158, in tick
    run_with_retry(
  File "C:\Users\Philemon\Desktop\Coding\education_system\backend\.venv\Lib\site-packages\langgraph\pregel\retry.py", line 40, in run_with_retry
    return task.proc.invoke(task.input, config)
           ^^^^^^^^^^^^^^^^^^^^^^^^^^^^^^^^^^^^
  File "C:\Users\Philemon\Desktop\Coding\education_system\backend\.venv\Lib\site-packages\langgraph\utils\runnable.py", line 606, in invoke
    input = step.invoke(input, config, **kwargs)
            ^^^^^^^^^^^^^^^^^^^^^^^^^^^^^^^^^^^^
  File "C:\Users\Philemon\Desktop\Coding\education_system\backend\.venv\Lib\site-packages\langgraph\utils\runnable.py", line 371, in invoke
    ret = context.run(self.func, *args, **kwargs)
          ^^^^^^^^^^^^^^^^^^^^^^^^^^^^^^^^^^^^^^^
  File "C:\Users\Philemon\Desktop\Coding\education_system\backend\rag\services\langgraph_service.py", line 172, in chatbot
    result = self.rag_chain.invoke(inputs)
             ^^^^^^^^^^^^^^^^^^^^^^^^^^^^^
  File "C:\Users\Philemon\Desktop\Coding\education_system\backend\.venv\Lib\site-packages\langchain_core\runnables\base.py", line 3029, in invoke
    input = context.run(step.invoke, input, config)
            ^^^^^^^^^^^^^^^^^^^^^^^^^^^^^^^^^^^^^^^
  File "C:\Users\Philemon\Desktop\Coding\education_system\backend\.venv\Lib\site-packages\langchain\chains\base.py", line 170, in invoke
    raise e
  File "C:\Users\Philemon\Desktop\Coding\education_system\backend\.venv\Lib\site-packages\langchain\chains\base.py", line 160, in invoke
    self._call(inputs, run_manager=run_manager)
  File "C:\Users\Philemon\Desktop\Coding\education_system\backend\.venv\Lib\site-packages\langchain\chains\retrieval_qa\base.py", line 151, in _call
    docs = self._get_docs(question, run_manager=_run_manager)
           ^^^^^^^^^^^^^^^^^^^^^^^^^^^^^^^^^^^^^^^^^^^^^^^^^^
  File "C:\Users\Philemon\Desktop\Coding\education_system\backend\.venv\Lib\site-packages\langchain\chains\retrieval_qa\base.py", line 271, in _get_docs
    return self.retriever.invoke(
           ^^^^^^^^^^^^^^^^^^^^^^
  File "C:\Users\Philemon\Desktop\Coding\education_system\backend\.venv\Lib\site-packages\langchain_core\retrievers.py", line 259, in invoke
    result = self._get_relevant_documents(
             ^^^^^^^^^^^^^^^^^^^^^^^^^^^^^
  File "C:\Users\Philemon\Desktop\Coding\education_system\backend\.venv\Lib\site-packages\langchain_core\vectorstores\base.py", line 1074, in _get_relevant_documents
    docs = self.vectorstore.similarity_search(query, **_kwargs)
           ^^^^^^^^^^^^^^^^^^^^^^^^^^^^^^^^^^^^^^^^^^^^^^^^^^^^
  File "C:\Users\Philemon\Desktop\Coding\education_system\backend\.venv\Lib\site-packages\langchain_qdrant\qdrant.py", line 508, in similarity_search
    results = self.similarity_search_with_score(
              ^^^^^^^^^^^^^^^^^^^^^^^^^^^^^^^^^^
  File "C:\Users\Philemon\Desktop\Coding\education_system\backend\.venv\Lib\site-packages\langchain_qdrant\qdrant.py", line 554, in similarity_search_with_score
    results = self.client.query_points(
              ^^^^^^^^^^^^^^^^^^^^^^^^^
  File "C:\Users\Philemon\Desktop\Coding\education_system\backend\.venv\Lib\site-packages\qdrant_client\qdrant_client.py", line 559, in query_points
    return self._client.query_points(
           ^^^^^^^^^^^^^^^^^^^^^^^^^^
  File "C:\Users\Philemon\Desktop\Coding\education_system\backend\.venv\Lib\site-packages\qdrant_client\qdrant_remote.py", line 637, in query_points
    grpc.QueryPoints(
ValueError: Protocol message Condition has no "key" field.
During task with name 'chatbot' and id '58056bd9-122b-dc3b-6e6f-43dc11747011'
2025-10-26 14:13:58,130 [ERROR] django.request: Service Unavailable: /question
2025-10-26 14:13:58,132 [ERROR] django.request: Service Unavailable: /question
2025-10-26 14:13:58,132 [ERROR] django.server: "GET /question?query=Give+me+a+summary&course_id=40&library_id=3 HTTP/1.1" 503 73
2025-10-26 14:13:58,132 [ERROR] django.server: "GET /question?query=Give+me+a+summary&course_id=40&library_id=3 HTTP/1.1" 503 73
2025-10-26 14:14:39,945 [INFO] django.utils.autoreload: C:\Users\Philemon\Desktop\Coding\education_system\backend\rag\services\langgraph_service.py changed, reloading.
2025-10-26 14:14:52,554 [INFO] sentence_transformers.SentenceTransformer: Use pytorch device_name: cpu
2025-10-26 14:14:52,555 [INFO] sentence_transformers.SentenceTransformer: Load pretrained SentenceTransformer: all-MiniLM-L6-v2
2025-10-26 14:14:58,173 [INFO] django.utils.autoreload: Watching for file changes with StatReloader
2025-10-26 14:15:06,374 [INFO] rag.views: get_courses for library_id=3 by user=gbesh
2025-10-26 14:15:06,374 [INFO] rag.views: get_courses for library_id=3 by user=gbesh
2025-10-26 14:15:06,376 [INFO] django.server: "GET /getCourses?library_id=3 HTTP/1.1" 200 670
2025-10-26 14:15:06,376 [INFO] django.server: "GET /getCourses?library_id=3 HTTP/1.1" 200 670
2025-10-26 14:15:07,773 [INFO] rag.views: get_documents for course_id=40 by user=gbesh
2025-10-26 14:15:07,775 [INFO] django.server: "GET /getDocuments?course_id=40&library_id=3 HTTP/1.1" 200 340
2025-10-26 14:15:10,688 [INFO] rag.views: query_llm called: user=gbesh course_id=40 query=Give me a summary document_count=2
2025-10-26 14:15:10,688 [INFO] rag.views: query_llm called: user=gbesh course_id=40 query=Give me a summary document_count=2
2025-10-26 14:15:10,806 [ERROR] rag.views: Unexpected error querying LLM: Protocol message Condition has no "match" field.
Traceback (most recent call last):
  File "C:\Users\Philemon\Desktop\Coding\education_system\backend\rag\views.py", line 244, in query_llm
    response = langraph_service.get_chain(document_ids, query, course_id, request.user.id)
               ^^^^^^^^^^^^^^^^^^^^^^^^^^^^^^^^^^^^^^^^^^^^^^^^^^^^^^^^^^^^^^^^^^^^^^^^^^^
  File "C:\Users\Philemon\Desktop\Coding\education_system\backend\rag\services\langgraph_service.py", line 219, in get_chain
    return self.stream_graph_updates(graph, query, config)
           ^^^^^^^^^^^^^^^^^^^^^^^^^^^^^^^^^^^^^^^^^^^^^^^
  File "C:\Users\Philemon\Desktop\Coding\education_system\backend\rag\services\langgraph_service.py", line 181, in stream_graph_updates
    for message in graph.stream({"messages": [{"role": "user", "content": query}]}, config=config):
  File "C:\Users\Philemon\Desktop\Coding\education_system\backend\.venv\Lib\site-packages\langgraph\pregel\__init__.py", line 2340, in stream
    for _ in runner.tick(
  File "C:\Users\Philemon\Desktop\Coding\education_system\backend\.venv\Lib\site-packages\langgraph\pregel\runner.py", line 158, in tick
    run_with_retry(
  File "C:\Users\Philemon\Desktop\Coding\education_system\backend\.venv\Lib\site-packages\langgraph\pregel\retry.py", line 40, in run_with_retry
    return task.proc.invoke(task.input, config)
           ^^^^^^^^^^^^^^^^^^^^^^^^^^^^^^^^^^^^
  File "C:\Users\Philemon\Desktop\Coding\education_system\backend\.venv\Lib\site-packages\langgraph\utils\runnable.py", line 606, in invoke
    input = step.invoke(input, config, **kwargs)
            ^^^^^^^^^^^^^^^^^^^^^^^^^^^^^^^^^^^^
  File "C:\Users\Philemon\Desktop\Coding\education_system\backend\.venv\Lib\site-packages\langgraph\utils\runnable.py", line 371, in invoke
    ret = context.run(self.func, *args, **kwargs)
          ^^^^^^^^^^^^^^^^^^^^^^^^^^^^^^^^^^^^^^^
  File "C:\Users\Philemon\Desktop\Coding\education_system\backend\rag\services\langgraph_service.py", line 172, in chatbot
    result = self.rag_chain.invoke(inputs)
             ^^^^^^^^^^^^^^^^^^^^^^^^^^^^^
  File "C:\Users\Philemon\Desktop\Coding\education_system\backend\.venv\Lib\site-packages\langchain_core\runnables\base.py", line 3029, in invoke
    input = context.run(step.invoke, input, config)
            ^^^^^^^^^^^^^^^^^^^^^^^^^^^^^^^^^^^^^^^
  File "C:\Users\Philemon\Desktop\Coding\education_system\backend\.venv\Lib\site-packages\langchain\chains\base.py", line 170, in invoke
    raise e
  File "C:\Users\Philemon\Desktop\Coding\education_system\backend\.venv\Lib\site-packages\langchain\chains\base.py", line 160, in invoke
    self._call(inputs, run_manager=run_manager)
  File "C:\Users\Philemon\Desktop\Coding\education_system\backend\.venv\Lib\site-packages\langchain\chains\retrieval_qa\base.py", line 151, in _call
    docs = self._get_docs(question, run_manager=_run_manager)
           ^^^^^^^^^^^^^^^^^^^^^^^^^^^^^^^^^^^^^^^^^^^^^^^^^^
  File "C:\Users\Philemon\Desktop\Coding\education_system\backend\.venv\Lib\site-packages\langchain\chains\retrieval_qa\base.py", line 271, in _get_docs
    return self.retriever.invoke(
           ^^^^^^^^^^^^^^^^^^^^^^
  File "C:\Users\Philemon\Desktop\Coding\education_system\backend\.venv\Lib\site-packages\langchain_core\retrievers.py", line 259, in invoke
    result = self._get_relevant_documents(
             ^^^^^^^^^^^^^^^^^^^^^^^^^^^^^
  File "C:\Users\Philemon\Desktop\Coding\education_system\backend\.venv\Lib\site-packages\langchain_core\vectorstores\base.py", line 1074, in _get_relevant_documents
    docs = self.vectorstore.similarity_search(query, **_kwargs)
           ^^^^^^^^^^^^^^^^^^^^^^^^^^^^^^^^^^^^^^^^^^^^^^^^^^^^
  File "C:\Users\Philemon\Desktop\Coding\education_system\backend\.venv\Lib\site-packages\langchain_qdrant\qdrant.py", line 508, in similarity_search
    results = self.similarity_search_with_score(
              ^^^^^^^^^^^^^^^^^^^^^^^^^^^^^^^^^^
  File "C:\Users\Philemon\Desktop\Coding\education_system\backend\.venv\Lib\site-packages\langchain_qdrant\qdrant.py", line 554, in similarity_search_with_score
    results = self.client.query_points(
              ^^^^^^^^^^^^^^^^^^^^^^^^^
  File "C:\Users\Philemon\Desktop\Coding\education_system\backend\.venv\Lib\site-packages\qdrant_client\qdrant_client.py", line 559, in query_points
    return self._client.query_points(
           ^^^^^^^^^^^^^^^^^^^^^^^^^^
  File "C:\Users\Philemon\Desktop\Coding\education_system\backend\.venv\Lib\site-packages\qdrant_client\qdrant_remote.py", line 637, in query_points
    grpc.QueryPoints(
ValueError: Protocol message Condition has no "match" field.
During task with name 'chatbot' and id '4df30f8d-c32e-8c6c-a8b5-25bcfeedff4d'
2025-10-26 14:15:10,815 [ERROR] rag.views: Unexpected error querying LLM: Protocol message Condition has no "match" field.
Traceback (most recent call last):
  File "C:\Users\Philemon\Desktop\Coding\education_system\backend\rag\views.py", line 244, in query_llm
    response = langraph_service.get_chain(document_ids, query, course_id, request.user.id)
               ^^^^^^^^^^^^^^^^^^^^^^^^^^^^^^^^^^^^^^^^^^^^^^^^^^^^^^^^^^^^^^^^^^^^^^^^^^^
  File "C:\Users\Philemon\Desktop\Coding\education_system\backend\rag\services\langgraph_service.py", line 219, in get_chain
    return self.stream_graph_updates(graph, query, config)
           ^^^^^^^^^^^^^^^^^^^^^^^^^^^^^^^^^^^^^^^^^^^^^^^
  File "C:\Users\Philemon\Desktop\Coding\education_system\backend\rag\services\langgraph_service.py", line 181, in stream_graph_updates
    for message in graph.stream({"messages": [{"role": "user", "content": query}]}, config=config):
  File "C:\Users\Philemon\Desktop\Coding\education_system\backend\.venv\Lib\site-packages\langgraph\pregel\__init__.py", line 2340, in stream
    for _ in runner.tick(
  File "C:\Users\Philemon\Desktop\Coding\education_system\backend\.venv\Lib\site-packages\langgraph\pregel\runner.py", line 158, in tick
    run_with_retry(
  File "C:\Users\Philemon\Desktop\Coding\education_system\backend\.venv\Lib\site-packages\langgraph\pregel\retry.py", line 40, in run_with_retry
    return task.proc.invoke(task.input, config)
           ^^^^^^^^^^^^^^^^^^^^^^^^^^^^^^^^^^^^
  File "C:\Users\Philemon\Desktop\Coding\education_system\backend\.venv\Lib\site-packages\langgraph\utils\runnable.py", line 606, in invoke
    input = step.invoke(input, config, **kwargs)
            ^^^^^^^^^^^^^^^^^^^^^^^^^^^^^^^^^^^^
  File "C:\Users\Philemon\Desktop\Coding\education_system\backend\.venv\Lib\site-packages\langgraph\utils\runnable.py", line 371, in invoke
    ret = context.run(self.func, *args, **kwargs)
          ^^^^^^^^^^^^^^^^^^^^^^^^^^^^^^^^^^^^^^^
  File "C:\Users\Philemon\Desktop\Coding\education_system\backend\rag\services\langgraph_service.py", line 172, in chatbot
    result = self.rag_chain.invoke(inputs)
             ^^^^^^^^^^^^^^^^^^^^^^^^^^^^^
  File "C:\Users\Philemon\Desktop\Coding\education_system\backend\.venv\Lib\site-packages\langchain_core\runnables\base.py", line 3029, in invoke
    input = context.run(step.invoke, input, config)
            ^^^^^^^^^^^^^^^^^^^^^^^^^^^^^^^^^^^^^^^
  File "C:\Users\Philemon\Desktop\Coding\education_system\backend\.venv\Lib\site-packages\langchain\chains\base.py", line 170, in invoke
    raise e
  File "C:\Users\Philemon\Desktop\Coding\education_system\backend\.venv\Lib\site-packages\langchain\chains\base.py", line 160, in invoke
    self._call(inputs, run_manager=run_manager)
  File "C:\Users\Philemon\Desktop\Coding\education_system\backend\.venv\Lib\site-packages\langchain\chains\retrieval_qa\base.py", line 151, in _call
    docs = self._get_docs(question, run_manager=_run_manager)
           ^^^^^^^^^^^^^^^^^^^^^^^^^^^^^^^^^^^^^^^^^^^^^^^^^^
  File "C:\Users\Philemon\Desktop\Coding\education_system\backend\.venv\Lib\site-packages\langchain\chains\retrieval_qa\base.py", line 271, in _get_docs
    return self.retriever.invoke(
           ^^^^^^^^^^^^^^^^^^^^^^
  File "C:\Users\Philemon\Desktop\Coding\education_system\backend\.venv\Lib\site-packages\langchain_core\retrievers.py", line 259, in invoke
    result = self._get_relevant_documents(
             ^^^^^^^^^^^^^^^^^^^^^^^^^^^^^
  File "C:\Users\Philemon\Desktop\Coding\education_system\backend\.venv\Lib\site-packages\langchain_core\vectorstores\base.py", line 1074, in _get_relevant_documents
    docs = self.vectorstore.similarity_search(query, **_kwargs)
           ^^^^^^^^^^^^^^^^^^^^^^^^^^^^^^^^^^^^^^^^^^^^^^^^^^^^
  File "C:\Users\Philemon\Desktop\Coding\education_system\backend\.venv\Lib\site-packages\langchain_qdrant\qdrant.py", line 508, in similarity_search
    results = self.similarity_search_with_score(
              ^^^^^^^^^^^^^^^^^^^^^^^^^^^^^^^^^^
  File "C:\Users\Philemon\Desktop\Coding\education_system\backend\.venv\Lib\site-packages\langchain_qdrant\qdrant.py", line 554, in similarity_search_with_score
    results = self.client.query_points(
              ^^^^^^^^^^^^^^^^^^^^^^^^^
  File "C:\Users\Philemon\Desktop\Coding\education_system\backend\.venv\Lib\site-packages\qdrant_client\qdrant_client.py", line 559, in query_points
    return self._client.query_points(
           ^^^^^^^^^^^^^^^^^^^^^^^^^^
  File "C:\Users\Philemon\Desktop\Coding\education_system\backend\.venv\Lib\site-packages\qdrant_client\qdrant_remote.py", line 637, in query_points
    grpc.QueryPoints(
ValueError: Protocol message Condition has no "match" field.
During task with name 'chatbot' and id 'c92865ff-d473-039d-2e79-955a796fd50b'
2025-10-26 14:15:10,819 [ERROR] django.request: Service Unavailable: /question
2025-10-26 14:15:10,822 [ERROR] django.request: Service Unavailable: /question
2025-10-26 14:15:10,823 [ERROR] django.server: "GET /question?query=Give+me+a+summary&course_id=40&library_id=3 HTTP/1.1" 503 73
2025-10-26 14:15:10,823 [ERROR] django.server: "GET /question?query=Give+me+a+summary&course_id=40&library_id=3 HTTP/1.1" 503 73
2025-10-26 14:15:22,537 [INFO] django.utils.autoreload: C:\Users\Philemon\Desktop\Coding\education_system\backend\rag\services\langgraph_service.py changed, reloading.
2025-10-26 14:15:32,693 [INFO] sentence_transformers.SentenceTransformer: Use pytorch device_name: cpu
2025-10-26 14:15:32,693 [INFO] sentence_transformers.SentenceTransformer: Load pretrained SentenceTransformer: all-MiniLM-L6-v2
2025-10-26 14:15:38,096 [INFO] django.utils.autoreload: Watching for file changes with StatReloader
2025-10-26 14:15:43,744 [INFO] rag.views: get_courses for library_id=3 by user=gbesh
2025-10-26 14:15:43,745 [INFO] django.server: "GET /getCourses?library_id=3 HTTP/1.1" 200 670
2025-10-26 14:15:43,844 [INFO] rag.views: get_courses for library_id=3 by user=gbesh
2025-10-26 14:15:43,846 [INFO] django.server: "GET /getCourses?library_id=3 HTTP/1.1" 200 670
2025-10-26 14:15:45,039 [INFO] rag.views: get_documents for course_id=40 by user=gbesh
2025-10-26 14:15:45,040 [INFO] django.server: "GET /getDocuments?course_id=40&library_id=3 HTTP/1.1" 200 340
2025-10-26 14:15:48,031 [INFO] rag.views: query_llm called: user=gbesh course_id=40 query=Give me a summary document_count=2
2025-10-26 14:15:48,034 [INFO] rag.views: query_llm called: user=gbesh course_id=40 query=Give me a summary document_count=2
2025-10-26 14:15:48,153 [ERROR] rag.views: Unexpected error querying LLM: Protocol message Condition has no "key" field.
Traceback (most recent call last):
  File "C:\Users\Philemon\Desktop\Coding\education_system\backend\rag\views.py", line 244, in query_llm
    response = langraph_service.get_chain(document_ids, query, course_id, request.user.id)
               ^^^^^^^^^^^^^^^^^^^^^^^^^^^^^^^^^^^^^^^^^^^^^^^^^^^^^^^^^^^^^^^^^^^^^^^^^^^
  File "C:\Users\Philemon\Desktop\Coding\education_system\backend\rag\services\langgraph_service.py", line 219, in get_chain
    return self.stream_graph_updates(graph, query, config)
           ^^^^^^^^^^^^^^^^^^^^^^^^^^^^^^^^^^^^^^^^^^^^^^^
  File "C:\Users\Philemon\Desktop\Coding\education_system\backend\rag\services\langgraph_service.py", line 181, in stream_graph_updates
    for message in graph.stream({"messages": [{"role": "user", "content": query}]}, config=config):
  File "C:\Users\Philemon\Desktop\Coding\education_system\backend\.venv\Lib\site-packages\langgraph\pregel\__init__.py", line 2340, in stream
    for _ in runner.tick(
  File "C:\Users\Philemon\Desktop\Coding\education_system\backend\.venv\Lib\site-packages\langgraph\pregel\runner.py", line 158, in tick
    run_with_retry(
  File "C:\Users\Philemon\Desktop\Coding\education_system\backend\.venv\Lib\site-packages\langgraph\pregel\retry.py", line 40, in run_with_retry
    return task.proc.invoke(task.input, config)
           ^^^^^^^^^^^^^^^^^^^^^^^^^^^^^^^^^^^^
  File "C:\Users\Philemon\Desktop\Coding\education_system\backend\.venv\Lib\site-packages\langgraph\utils\runnable.py", line 606, in invoke
    input = step.invoke(input, config, **kwargs)
            ^^^^^^^^^^^^^^^^^^^^^^^^^^^^^^^^^^^^
  File "C:\Users\Philemon\Desktop\Coding\education_system\backend\.venv\Lib\site-packages\langgraph\utils\runnable.py", line 371, in invoke
    ret = context.run(self.func, *args, **kwargs)
          ^^^^^^^^^^^^^^^^^^^^^^^^^^^^^^^^^^^^^^^
  File "C:\Users\Philemon\Desktop\Coding\education_system\backend\rag\services\langgraph_service.py", line 172, in chatbot
    result = self.rag_chain.invoke(inputs)
             ^^^^^^^^^^^^^^^^^^^^^^^^^^^^^
  File "C:\Users\Philemon\Desktop\Coding\education_system\backend\.venv\Lib\site-packages\langchain_core\runnables\base.py", line 3029, in invoke
    input = context.run(step.invoke, input, config)
            ^^^^^^^^^^^^^^^^^^^^^^^^^^^^^^^^^^^^^^^
  File "C:\Users\Philemon\Desktop\Coding\education_system\backend\.venv\Lib\site-packages\langchain\chains\base.py", line 170, in invoke
    raise e
  File "C:\Users\Philemon\Desktop\Coding\education_system\backend\.venv\Lib\site-packages\langchain\chains\base.py", line 160, in invoke
    self._call(inputs, run_manager=run_manager)
  File "C:\Users\Philemon\Desktop\Coding\education_system\backend\.venv\Lib\site-packages\langchain\chains\retrieval_qa\base.py", line 151, in _call
    docs = self._get_docs(question, run_manager=_run_manager)
           ^^^^^^^^^^^^^^^^^^^^^^^^^^^^^^^^^^^^^^^^^^^^^^^^^^
  File "C:\Users\Philemon\Desktop\Coding\education_system\backend\.venv\Lib\site-packages\langchain\chains\retrieval_qa\base.py", line 271, in _get_docs
    return self.retriever.invoke(
           ^^^^^^^^^^^^^^^^^^^^^^
  File "C:\Users\Philemon\Desktop\Coding\education_system\backend\.venv\Lib\site-packages\langchain_core\retrievers.py", line 259, in invoke
    result = self._get_relevant_documents(
             ^^^^^^^^^^^^^^^^^^^^^^^^^^^^^
  File "C:\Users\Philemon\Desktop\Coding\education_system\backend\.venv\Lib\site-packages\langchain_core\vectorstores\base.py", line 1074, in _get_relevant_documents
    docs = self.vectorstore.similarity_search(query, **_kwargs)
           ^^^^^^^^^^^^^^^^^^^^^^^^^^^^^^^^^^^^^^^^^^^^^^^^^^^^
  File "C:\Users\Philemon\Desktop\Coding\education_system\backend\.venv\Lib\site-packages\langchain_qdrant\qdrant.py", line 508, in similarity_search
    results = self.similarity_search_with_score(
              ^^^^^^^^^^^^^^^^^^^^^^^^^^^^^^^^^^
  File "C:\Users\Philemon\Desktop\Coding\education_system\backend\.venv\Lib\site-packages\langchain_qdrant\qdrant.py", line 554, in similarity_search_with_score
    results = self.client.query_points(
              ^^^^^^^^^^^^^^^^^^^^^^^^^
  File "C:\Users\Philemon\Desktop\Coding\education_system\backend\.venv\Lib\site-packages\qdrant_client\qdrant_client.py", line 559, in query_points
    return self._client.query_points(
           ^^^^^^^^^^^^^^^^^^^^^^^^^^
  File "C:\Users\Philemon\Desktop\Coding\education_system\backend\.venv\Lib\site-packages\qdrant_client\qdrant_remote.py", line 637, in query_points
    grpc.QueryPoints(
ValueError: Protocol message Condition has no "key" field.
During task with name 'chatbot' and id 'ab14ff0f-787c-5312-f013-96a161bd45f6'
2025-10-26 14:15:48,154 [ERROR] rag.views: Unexpected error querying LLM: Protocol message Condition has no "key" field.
Traceback (most recent call last):
  File "C:\Users\Philemon\Desktop\Coding\education_system\backend\rag\views.py", line 244, in query_llm
    response = langraph_service.get_chain(document_ids, query, course_id, request.user.id)
               ^^^^^^^^^^^^^^^^^^^^^^^^^^^^^^^^^^^^^^^^^^^^^^^^^^^^^^^^^^^^^^^^^^^^^^^^^^^
  File "C:\Users\Philemon\Desktop\Coding\education_system\backend\rag\services\langgraph_service.py", line 219, in get_chain
    return self.stream_graph_updates(graph, query, config)
           ^^^^^^^^^^^^^^^^^^^^^^^^^^^^^^^^^^^^^^^^^^^^^^^
  File "C:\Users\Philemon\Desktop\Coding\education_system\backend\rag\services\langgraph_service.py", line 181, in stream_graph_updates
    for message in graph.stream({"messages": [{"role": "user", "content": query}]}, config=config):
  File "C:\Users\Philemon\Desktop\Coding\education_system\backend\.venv\Lib\site-packages\langgraph\pregel\__init__.py", line 2340, in stream
    for _ in runner.tick(
  File "C:\Users\Philemon\Desktop\Coding\education_system\backend\.venv\Lib\site-packages\langgraph\pregel\runner.py", line 158, in tick
    run_with_retry(
  File "C:\Users\Philemon\Desktop\Coding\education_system\backend\.venv\Lib\site-packages\langgraph\pregel\retry.py", line 40, in run_with_retry
    return task.proc.invoke(task.input, config)
           ^^^^^^^^^^^^^^^^^^^^^^^^^^^^^^^^^^^^
  File "C:\Users\Philemon\Desktop\Coding\education_system\backend\.venv\Lib\site-packages\langgraph\utils\runnable.py", line 606, in invoke
    input = step.invoke(input, config, **kwargs)
            ^^^^^^^^^^^^^^^^^^^^^^^^^^^^^^^^^^^^
  File "C:\Users\Philemon\Desktop\Coding\education_system\backend\.venv\Lib\site-packages\langgraph\utils\runnable.py", line 371, in invoke
    ret = context.run(self.func, *args, **kwargs)
          ^^^^^^^^^^^^^^^^^^^^^^^^^^^^^^^^^^^^^^^
  File "C:\Users\Philemon\Desktop\Coding\education_system\backend\rag\services\langgraph_service.py", line 172, in chatbot
    result = self.rag_chain.invoke(inputs)
             ^^^^^^^^^^^^^^^^^^^^^^^^^^^^^
  File "C:\Users\Philemon\Desktop\Coding\education_system\backend\.venv\Lib\site-packages\langchain_core\runnables\base.py", line 3029, in invoke
    input = context.run(step.invoke, input, config)
            ^^^^^^^^^^^^^^^^^^^^^^^^^^^^^^^^^^^^^^^
  File "C:\Users\Philemon\Desktop\Coding\education_system\backend\.venv\Lib\site-packages\langchain\chains\base.py", line 170, in invoke
    raise e
  File "C:\Users\Philemon\Desktop\Coding\education_system\backend\.venv\Lib\site-packages\langchain\chains\base.py", line 160, in invoke
    self._call(inputs, run_manager=run_manager)
  File "C:\Users\Philemon\Desktop\Coding\education_system\backend\.venv\Lib\site-packages\langchain\chains\retrieval_qa\base.py", line 151, in _call
    docs = self._get_docs(question, run_manager=_run_manager)
           ^^^^^^^^^^^^^^^^^^^^^^^^^^^^^^^^^^^^^^^^^^^^^^^^^^
  File "C:\Users\Philemon\Desktop\Coding\education_system\backend\.venv\Lib\site-packages\langchain\chains\retrieval_qa\base.py", line 271, in _get_docs
    return self.retriever.invoke(
           ^^^^^^^^^^^^^^^^^^^^^^
  File "C:\Users\Philemon\Desktop\Coding\education_system\backend\.venv\Lib\site-packages\langchain_core\retrievers.py", line 259, in invoke
    result = self._get_relevant_documents(
             ^^^^^^^^^^^^^^^^^^^^^^^^^^^^^
  File "C:\Users\Philemon\Desktop\Coding\education_system\backend\.venv\Lib\site-packages\langchain_core\vectorstores\base.py", line 1074, in _get_relevant_documents
    docs = self.vectorstore.similarity_search(query, **_kwargs)
           ^^^^^^^^^^^^^^^^^^^^^^^^^^^^^^^^^^^^^^^^^^^^^^^^^^^^
  File "C:\Users\Philemon\Desktop\Coding\education_system\backend\.venv\Lib\site-packages\langchain_qdrant\qdrant.py", line 508, in similarity_search
    results = self.similarity_search_with_score(
              ^^^^^^^^^^^^^^^^^^^^^^^^^^^^^^^^^^
  File "C:\Users\Philemon\Desktop\Coding\education_system\backend\.venv\Lib\site-packages\langchain_qdrant\qdrant.py", line 554, in similarity_search_with_score
    results = self.client.query_points(
              ^^^^^^^^^^^^^^^^^^^^^^^^^
  File "C:\Users\Philemon\Desktop\Coding\education_system\backend\.venv\Lib\site-packages\qdrant_client\qdrant_client.py", line 559, in query_points
    return self._client.query_points(
           ^^^^^^^^^^^^^^^^^^^^^^^^^^
  File "C:\Users\Philemon\Desktop\Coding\education_system\backend\.venv\Lib\site-packages\qdrant_client\qdrant_remote.py", line 637, in query_points
    grpc.QueryPoints(
ValueError: Protocol message Condition has no "key" field.
During task with name 'chatbot' and id '58a6e4cd-f021-e897-d7f2-d314cd30a127'
2025-10-26 14:15:48,163 [ERROR] django.request: Service Unavailable: /question
2025-10-26 14:15:48,166 [ERROR] django.request: Service Unavailable: /question
2025-10-26 14:15:48,167 [ERROR] django.server: "GET /question?query=Give+me+a+summary&course_id=40&library_id=3 HTTP/1.1" 503 73
2025-10-26 14:15:48,167 [ERROR] django.server: "GET /question?query=Give+me+a+summary&course_id=40&library_id=3 HTTP/1.1" 503 73
2025-10-26 14:15:57,241 [INFO] django.utils.autoreload: C:\Users\Philemon\Desktop\Coding\education_system\backend\rag\services\langgraph_service.py changed, reloading.
2025-10-26 14:16:07,160 [INFO] sentence_transformers.SentenceTransformer: Use pytorch device_name: cpu
2025-10-26 14:16:07,161 [INFO] sentence_transformers.SentenceTransformer: Load pretrained SentenceTransformer: all-MiniLM-L6-v2
2025-10-26 14:16:13,928 [INFO] django.utils.autoreload: Watching for file changes with StatReloader
2025-10-26 14:22:05,216 [INFO] sentence_transformers.SentenceTransformer: Use pytorch device_name: cpu
2025-10-26 14:22:05,217 [INFO] sentence_transformers.SentenceTransformer: Load pretrained SentenceTransformer: all-MiniLM-L6-v2
2025-10-26 14:22:50,537 [INFO] sentence_transformers.SentenceTransformer: Use pytorch device_name: cpu
2025-10-26 14:22:50,538 [INFO] sentence_transformers.SentenceTransformer: Load pretrained SentenceTransformer: all-MiniLM-L6-v2
2025-10-26 14:24:48,796 [INFO] sentence_transformers.SentenceTransformer: Use pytorch device_name: cpu
2025-10-26 14:24:48,796 [INFO] sentence_transformers.SentenceTransformer: Load pretrained SentenceTransformer: all-MiniLM-L6-v2
2025-10-26 14:26:35,200 [INFO] sentence_transformers.SentenceTransformer: Use pytorch device_name: cpu
2025-10-26 14:26:35,200 [INFO] sentence_transformers.SentenceTransformer: Load pretrained SentenceTransformer: all-MiniLM-L6-v2
2025-10-26 14:26:35,200 [INFO] sentence_transformers.SentenceTransformer: Load pretrained SentenceTransformer: all-MiniLM-L6-v2
2025-10-26 14:27:43,560 [INFO] sentence_transformers.SentenceTransformer: Use pytorch device_name: cpu
2025-10-26 14:27:43,560 [INFO] sentence_transformers.SentenceTransformer: Load pretrained SentenceTransformer: all-MiniLM-L6-v2
2025-10-26 14:28:07,133 [INFO] sentence_transformers.SentenceTransformer: Use pytorch device_name: cpu
2025-10-26 14:28:07,134 [INFO] sentence_transformers.SentenceTransformer: Load pretrained SentenceTransformer: all-MiniLM-L6-v2
2025-10-26 14:28:13,026 [INFO] django.utils.autoreload: Watching for file changes with StatReloader
2025-10-26 14:28:37,881 [INFO] django.server: "OPTIONS /auth/signup/ HTTP/1.1" 200 0
2025-10-26 14:28:37,891 [INFO] authentication.views: Signup attempt: Gbesh
2025-10-26 14:28:39,855 [ERROR] django.request: Internal Server Error: /auth/signup/
Traceback (most recent call last):
  File "C:\Users\Philemon\Desktop\Coding\education_system\backend\.venv\Lib\site-packages\django\db\backends\utils.py", line 105, in _execute
    return self.cursor.execute(sql, params)
           ^^^^^^^^^^^^^^^^^^^^^^^^^^^^^^^^
  File "C:\Users\Philemon\Desktop\Coding\education_system\backend\.venv\Lib\site-packages\psycopg\cursor.py", line 97, in execute
    raise ex.with_traceback(None)
psycopg.errors.NotNullViolation: null value in column "creator_id" of relation "rag_libraries" violates not-null constraint
DETAIL:  Failing row contains (1, gbesh's Library, Library for gbesh, 2025-10-26 14:28:39.723458+00, null, , f, 2025-10-26 14:28:39.723458+00).

The above exception was the direct cause of the following exception:

Traceback (most recent call last):
  File "C:\Users\Philemon\Desktop\Coding\education_system\backend\.venv\Lib\site-packages\django\core\handlers\exception.py", line 55, in inner
    response = get_response(request)
               ^^^^^^^^^^^^^^^^^^^^^
  File "C:\Users\Philemon\Desktop\Coding\education_system\backend\.venv\Lib\site-packages\django\core\handlers\base.py", line 197, in _get_response
    response = wrapped_callback(request, *callback_args, **callback_kwargs)
               ^^^^^^^^^^^^^^^^^^^^^^^^^^^^^^^^^^^^^^^^^^^^^^^^^^^^^^^^^^^^
  File "C:\Users\Philemon\Desktop\Coding\education_system\backend\.venv\Lib\site-packages\django\views\decorators\csrf.py", line 65, in _view_wrapper
    return view_func(request, *args, **kwargs)
           ^^^^^^^^^^^^^^^^^^^^^^^^^^^^^^^^^^^
  File "C:\Users\Philemon\Desktop\Coding\education_system\backend\.venv\Lib\site-packages\django\views\generic\base.py", line 104, in view
    return self.dispatch(request, *args, **kwargs)
           ^^^^^^^^^^^^^^^^^^^^^^^^^^^^^^^^^^^^^^^
  File "C:\Users\Philemon\Desktop\Coding\education_system\backend\.venv\Lib\site-packages\rest_framework\views.py", line 509, in dispatch
    response = self.handle_exception(exc)
               ^^^^^^^^^^^^^^^^^^^^^^^^^^
  File "C:\Users\Philemon\Desktop\Coding\education_system\backend\.venv\Lib\site-packages\rest_framework\views.py", line 469, in handle_exception
    self.raise_uncaught_exception(exc)
  File "C:\Users\Philemon\Desktop\Coding\education_system\backend\.venv\Lib\site-packages\rest_framework\views.py", line 480, in raise_uncaught_exception
    raise exc
  File "C:\Users\Philemon\Desktop\Coding\education_system\backend\.venv\Lib\site-packages\rest_framework\views.py", line 506, in dispatch
    response = handler(request, *args, **kwargs)
               ^^^^^^^^^^^^^^^^^^^^^^^^^^^^^^^^^
  File "C:\Users\Philemon\Desktop\Coding\education_system\backend\.venv\Lib\site-packages\rest_framework\decorators.py", line 50, in handler
    return func(*args, **kwargs)
           ^^^^^^^^^^^^^^^^^^^^^
  File "C:\Users\Philemon\Desktop\Coding\education_system\backend\.venv\Lib\site-packages\django\views\decorators\csrf.py", line 65, in _view_wrapper
    return view_func(request, *args, **kwargs)
           ^^^^^^^^^^^^^^^^^^^^^^^^^^^^^^^^^^^
  File "C:\Users\Philemon\Desktop\Coding\education_system\backend\authentication\views.py", line 68, in signup
    Libraries.objects.create(
  File "C:\Users\Philemon\Desktop\Coding\education_system\backend\.venv\Lib\site-packages\django\db\models\manager.py", line 87, in manager_method
    return getattr(self.get_queryset(), name)(*args, **kwargs)
           ^^^^^^^^^^^^^^^^^^^^^^^^^^^^^^^^^^^^^^^^^^^^^^^^^^^
  File "C:\Users\Philemon\Desktop\Coding\education_system\backend\.venv\Lib\site-packages\django\db\models\query.py", line 679, in create
    obj.save(force_insert=True, using=self.db)
  File "C:\Users\Philemon\Desktop\Coding\education_system\backend\.venv\Lib\site-packages\django\db\models\base.py", line 892, in save
    self.save_base(
  File "C:\Users\Philemon\Desktop\Coding\education_system\backend\.venv\Lib\site-packages\django\db\models\base.py", line 998, in save_base
    updated = self._save_table(
              ^^^^^^^^^^^^^^^^^
  File "C:\Users\Philemon\Desktop\Coding\education_system\backend\.venv\Lib\site-packages\django\db\models\base.py", line 1161, in _save_table
    results = self._do_insert(
              ^^^^^^^^^^^^^^^^
  File "C:\Users\Philemon\Desktop\Coding\education_system\backend\.venv\Lib\site-packages\django\db\models\base.py", line 1202, in _do_insert
    return manager._insert(
           ^^^^^^^^^^^^^^^^
  File "C:\Users\Philemon\Desktop\Coding\education_system\backend\.venv\Lib\site-packages\django\db\models\manager.py", line 87, in manager_method
    return getattr(self.get_queryset(), name)(*args, **kwargs)
           ^^^^^^^^^^^^^^^^^^^^^^^^^^^^^^^^^^^^^^^^^^^^^^^^^^^
  File "C:\Users\Philemon\Desktop\Coding\education_system\backend\.venv\Lib\site-packages\django\db\models\query.py", line 1847, in _insert
    return query.get_compiler(using=using).execute_sql(returning_fields)
           ^^^^^^^^^^^^^^^^^^^^^^^^^^^^^^^^^^^^^^^^^^^^^^^^^^^^^^^^^^^^^
  File "C:\Users\Philemon\Desktop\Coding\education_system\backend\.venv\Lib\site-packages\django\db\models\sql\compiler.py", line 1836, in execute_sql
    cursor.execute(sql, params)
  File "C:\Users\Philemon\Desktop\Coding\education_system\backend\.venv\Lib\site-packages\django\db\backends\utils.py", line 122, in execute
    return super().execute(sql, params)
           ^^^^^^^^^^^^^^^^^^^^^^^^^^^^
  File "C:\Users\Philemon\Desktop\Coding\education_system\backend\.venv\Lib\site-packages\django\db\backends\utils.py", line 79, in execute
    return self._execute_with_wrappers(
           ^^^^^^^^^^^^^^^^^^^^^^^^^^^^
  File "C:\Users\Philemon\Desktop\Coding\education_system\backend\.venv\Lib\site-packages\django\db\backends\utils.py", line 92, in _execute_with_wrappers
    return executor(sql, params, many, context)
           ^^^^^^^^^^^^^^^^^^^^^^^^^^^^^^^^^^^^
  File "C:\Users\Philemon\Desktop\Coding\education_system\backend\.venv\Lib\site-packages\django\db\backends\utils.py", line 100, in _execute
    with self.db.wrap_database_errors:
  File "C:\Users\Philemon\Desktop\Coding\education_system\backend\.venv\Lib\site-packages\django\db\utils.py", line 91, in __exit__
    raise dj_exc_value.with_traceback(traceback) from exc_value
  File "C:\Users\Philemon\Desktop\Coding\education_system\backend\.venv\Lib\site-packages\django\db\backends\utils.py", line 105, in _execute
    return self.cursor.execute(sql, params)
           ^^^^^^^^^^^^^^^^^^^^^^^^^^^^^^^^
  File "C:\Users\Philemon\Desktop\Coding\education_system\backend\.venv\Lib\site-packages\psycopg\cursor.py", line 97, in execute
    raise ex.with_traceback(None)
django.db.utils.IntegrityError: null value in column "creator_id" of relation "rag_libraries" violates not-null constraint
DETAIL:  Failing row contains (1, gbesh's Library, Library for gbesh, 2025-10-26 14:28:39.723458+00, null, , f, 2025-10-26 14:28:39.723458+00).
2025-10-26 14:28:39,864 [ERROR] django.server: "POST /auth/signup/ HTTP/1.1" 500 211009
2025-10-26 14:28:40,450 [INFO] authentication.views: Signup attempt: Gbesh
2025-10-26 14:28:40,520 [WARNING] authentication.views: Signup validation failed: {'username': [ErrorDetail(string='A user with that username already exists.', code='unique')]}
2025-10-26 14:28:40,521 [WARNING] django.request: Bad Request: /auth/signup/
2025-10-26 14:28:40,521 [WARNING] django.server: "POST /auth/signup/ HTTP/1.1" 400 58
2025-10-26 14:35:15,866 [INFO] authentication.views: Signup attempt: Gbesh
2025-10-26 14:35:15,928 [WARNING] authentication.views: Signup validation failed: {'username': [ErrorDetail(string='A user with that username already exists.', code='unique')]}
2025-10-26 14:35:15,929 [WARNING] django.request: Bad Request: /auth/signup/
2025-10-26 14:35:15,930 [WARNING] django.server: "POST /auth/signup/ HTTP/1.1" 400 58
2025-10-26 14:35:21,388 [INFO] authentication.views: Login attempt for username=gbesh
2025-10-26 14:35:22,328 [WARNING] authentication.views: Invalid login for username=gbesh
2025-10-26 14:35:22,329 [WARNING] django.request: Bad Request: /auth/login/
2025-10-26 14:35:22,330 [WARNING] django.server: "POST /auth/login/ HTTP/1.1" 400 33
2025-10-26 14:35:23,972 [INFO] authentication.views: Login attempt for username=gbesh
2025-10-26 14:35:24,811 [WARNING] authentication.views: Invalid login for username=gbesh
2025-10-26 14:35:24,811 [WARNING] django.request: Bad Request: /auth/login/
2025-10-26 14:35:24,812 [WARNING] django.server: "POST /auth/login/ HTTP/1.1" 400 33
2025-10-26 14:35:29,056 [INFO] authentication.views: Login attempt for username=gbesh
2025-10-26 14:35:29,987 [WARNING] authentication.views: Invalid login for username=gbesh
2025-10-26 14:35:29,988 [WARNING] django.request: Bad Request: /auth/login/
2025-10-26 14:35:29,988 [WARNING] django.server: "POST /auth/login/ HTTP/1.1" 400 33
2025-10-26 14:35:30,696 [INFO] authentication.views: Login attempt for username=gbesh
2025-10-26 14:35:31,154 [INFO] authentication.views: Login attempt for username=gbesh
2025-10-26 14:35:31,616 [WARNING] authentication.views: Invalid login for username=gbesh
2025-10-26 14:35:31,617 [WARNING] django.request: Bad Request: /auth/login/
2025-10-26 14:35:31,617 [WARNING] django.server: "POST /auth/login/ HTTP/1.1" 400 33
2025-10-26 14:35:32,066 [WARNING] authentication.views: Invalid login for username=gbesh
2025-10-26 14:35:32,067 [WARNING] django.request: Bad Request: /auth/login/
2025-10-26 14:35:32,067 [WARNING] django.server: "POST /auth/login/ HTTP/1.1" 400 33
2025-10-26 14:35:44,310 [INFO] authentication.views: Login attempt for username=gbesh
2025-10-26 14:35:45,133 [WARNING] authentication.views: Invalid login for username=gbesh
2025-10-26 14:35:45,135 [WARNING] django.request: Bad Request: /auth/login/
2025-10-26 14:35:45,135 [WARNING] django.server: "POST /auth/login/ HTTP/1.1" 400 33
2025-10-26 14:36:39,738 [INFO] authentication.views: Signup attempt: Gbesh
2025-10-26 14:36:41,370 [ERROR] django.request: Internal Server Error: /auth/signup/
Traceback (most recent call last):
  File "C:\Users\Philemon\Desktop\Coding\education_system\backend\.venv\Lib\site-packages\django\db\backends\utils.py", line 105, in _execute
    return self.cursor.execute(sql, params)
           ^^^^^^^^^^^^^^^^^^^^^^^^^^^^^^^^
  File "C:\Users\Philemon\Desktop\Coding\education_system\backend\.venv\Lib\site-packages\psycopg\cursor.py", line 97, in execute
    raise ex.with_traceback(None)
psycopg.errors.NotNullViolation: null value in column "creator_id" of relation "rag_libraries" violates not-null constraint
DETAIL:  Failing row contains (2, gbesh's Library, Library for gbesh, 2025-10-26 14:36:41.31627+00, null, , f, 2025-10-26 14:36:41.31627+00).

The above exception was the direct cause of the following exception:

Traceback (most recent call last):
  File "C:\Users\Philemon\Desktop\Coding\education_system\backend\.venv\Lib\site-packages\django\core\handlers\exception.py", line 55, in inner
    response = get_response(request)
               ^^^^^^^^^^^^^^^^^^^^^
  File "C:\Users\Philemon\Desktop\Coding\education_system\backend\.venv\Lib\site-packages\django\core\handlers\base.py", line 197, in _get_response
    response = wrapped_callback(request, *callback_args, **callback_kwargs)
               ^^^^^^^^^^^^^^^^^^^^^^^^^^^^^^^^^^^^^^^^^^^^^^^^^^^^^^^^^^^^
  File "C:\Users\Philemon\Desktop\Coding\education_system\backend\.venv\Lib\site-packages\django\views\decorators\csrf.py", line 65, in _view_wrapper
    return view_func(request, *args, **kwargs)
           ^^^^^^^^^^^^^^^^^^^^^^^^^^^^^^^^^^^
  File "C:\Users\Philemon\Desktop\Coding\education_system\backend\.venv\Lib\site-packages\django\views\generic\base.py", line 104, in view
    return self.dispatch(request, *args, **kwargs)
           ^^^^^^^^^^^^^^^^^^^^^^^^^^^^^^^^^^^^^^^
  File "C:\Users\Philemon\Desktop\Coding\education_system\backend\.venv\Lib\site-packages\rest_framework\views.py", line 509, in dispatch
    response = self.handle_exception(exc)
               ^^^^^^^^^^^^^^^^^^^^^^^^^^
  File "C:\Users\Philemon\Desktop\Coding\education_system\backend\.venv\Lib\site-packages\rest_framework\views.py", line 469, in handle_exception
    self.raise_uncaught_exception(exc)
  File "C:\Users\Philemon\Desktop\Coding\education_system\backend\.venv\Lib\site-packages\rest_framework\views.py", line 480, in raise_uncaught_exception
    raise exc
  File "C:\Users\Philemon\Desktop\Coding\education_system\backend\.venv\Lib\site-packages\rest_framework\views.py", line 506, in dispatch
    response = handler(request, *args, **kwargs)
               ^^^^^^^^^^^^^^^^^^^^^^^^^^^^^^^^^
  File "C:\Users\Philemon\Desktop\Coding\education_system\backend\.venv\Lib\site-packages\rest_framework\decorators.py", line 50, in handler
    return func(*args, **kwargs)
           ^^^^^^^^^^^^^^^^^^^^^
  File "C:\Users\Philemon\Desktop\Coding\education_system\backend\.venv\Lib\site-packages\django\views\decorators\csrf.py", line 65, in _view_wrapper
    return view_func(request, *args, **kwargs)
           ^^^^^^^^^^^^^^^^^^^^^^^^^^^^^^^^^^^
  File "C:\Users\Philemon\Desktop\Coding\education_system\backend\authentication\views.py", line 68, in signup
    Libraries.objects.create(
  File "C:\Users\Philemon\Desktop\Coding\education_system\backend\.venv\Lib\site-packages\django\db\models\manager.py", line 87, in manager_method
    return getattr(self.get_queryset(), name)(*args, **kwargs)
           ^^^^^^^^^^^^^^^^^^^^^^^^^^^^^^^^^^^^^^^^^^^^^^^^^^^
  File "C:\Users\Philemon\Desktop\Coding\education_system\backend\.venv\Lib\site-packages\django\db\models\query.py", line 679, in create
    obj.save(force_insert=True, using=self.db)
  File "C:\Users\Philemon\Desktop\Coding\education_system\backend\.venv\Lib\site-packages\django\db\models\base.py", line 892, in save
    self.save_base(
  File "C:\Users\Philemon\Desktop\Coding\education_system\backend\.venv\Lib\site-packages\django\db\models\base.py", line 998, in save_base
    updated = self._save_table(
              ^^^^^^^^^^^^^^^^^
  File "C:\Users\Philemon\Desktop\Coding\education_system\backend\.venv\Lib\site-packages\django\db\models\base.py", line 1161, in _save_table
    results = self._do_insert(
              ^^^^^^^^^^^^^^^^
  File "C:\Users\Philemon\Desktop\Coding\education_system\backend\.venv\Lib\site-packages\django\db\models\base.py", line 1202, in _do_insert
    return manager._insert(
           ^^^^^^^^^^^^^^^^
  File "C:\Users\Philemon\Desktop\Coding\education_system\backend\.venv\Lib\site-packages\django\db\models\manager.py", line 87, in manager_method
    return getattr(self.get_queryset(), name)(*args, **kwargs)
           ^^^^^^^^^^^^^^^^^^^^^^^^^^^^^^^^^^^^^^^^^^^^^^^^^^^
  File "C:\Users\Philemon\Desktop\Coding\education_system\backend\.venv\Lib\site-packages\django\db\models\query.py", line 1847, in _insert
    return query.get_compiler(using=using).execute_sql(returning_fields)
           ^^^^^^^^^^^^^^^^^^^^^^^^^^^^^^^^^^^^^^^^^^^^^^^^^^^^^^^^^^^^^
  File "C:\Users\Philemon\Desktop\Coding\education_system\backend\.venv\Lib\site-packages\django\db\models\sql\compiler.py", line 1836, in execute_sql
    cursor.execute(sql, params)
  File "C:\Users\Philemon\Desktop\Coding\education_system\backend\.venv\Lib\site-packages\django\db\backends\utils.py", line 122, in execute
    return super().execute(sql, params)
           ^^^^^^^^^^^^^^^^^^^^^^^^^^^^
  File "C:\Users\Philemon\Desktop\Coding\education_system\backend\.venv\Lib\site-packages\django\db\backends\utils.py", line 79, in execute
    return self._execute_with_wrappers(
           ^^^^^^^^^^^^^^^^^^^^^^^^^^^^
  File "C:\Users\Philemon\Desktop\Coding\education_system\backend\.venv\Lib\site-packages\django\db\backends\utils.py", line 92, in _execute_with_wrappers
    return executor(sql, params, many, context)
           ^^^^^^^^^^^^^^^^^^^^^^^^^^^^^^^^^^^^
  File "C:\Users\Philemon\Desktop\Coding\education_system\backend\.venv\Lib\site-packages\django\db\backends\utils.py", line 100, in _execute
    with self.db.wrap_database_errors:
  File "C:\Users\Philemon\Desktop\Coding\education_system\backend\.venv\Lib\site-packages\django\db\utils.py", line 91, in __exit__
    raise dj_exc_value.with_traceback(traceback) from exc_value
  File "C:\Users\Philemon\Desktop\Coding\education_system\backend\.venv\Lib\site-packages\django\db\backends\utils.py", line 105, in _execute
    return self.cursor.execute(sql, params)
           ^^^^^^^^^^^^^^^^^^^^^^^^^^^^^^^^
  File "C:\Users\Philemon\Desktop\Coding\education_system\backend\.venv\Lib\site-packages\psycopg\cursor.py", line 97, in execute
    raise ex.with_traceback(None)
django.db.utils.IntegrityError: null value in column "creator_id" of relation "rag_libraries" violates not-null constraint
DETAIL:  Failing row contains (2, gbesh's Library, Library for gbesh, 2025-10-26 14:36:41.31627+00, null, , f, 2025-10-26 14:36:41.31627+00).
2025-10-26 14:36:41,375 [ERROR] django.server: "POST /auth/signup/ HTTP/1.1" 500 210989
2025-10-26 14:39:02,569 [INFO] django.utils.autoreload: C:\Users\Philemon\Desktop\Coding\education_system\backend\authentication\views.py changed, reloading.
2025-10-26 14:39:19,526 [INFO] sentence_transformers.SentenceTransformer: Use pytorch device_name: cpu
2025-10-26 14:39:19,526 [INFO] sentence_transformers.SentenceTransformer: Load pretrained SentenceTransformer: all-MiniLM-L6-v2
2025-10-26 14:39:26,872 [INFO] django.utils.autoreload: Watching for file changes with StatReloader
2025-10-26 14:39:33,314 [INFO] django.utils.autoreload: C:\Users\Philemon\Desktop\Coding\education_system\backend\authentication\views.py changed, reloading.
2025-10-26 14:39:46,570 [INFO] sentence_transformers.SentenceTransformer: Use pytorch device_name: cpu
2025-10-26 14:39:46,571 [INFO] sentence_transformers.SentenceTransformer: Load pretrained SentenceTransformer: all-MiniLM-L6-v2
2025-10-26 14:39:52,493 [INFO] django.utils.autoreload: Watching for file changes with StatReloader
2025-10-26 14:39:53,040 [INFO] authentication.views: Signup attempt: Gbesh
2025-10-26 14:39:54,186 [INFO] authentication.views: User signed up and default library created: user_id=3
2025-10-26 14:39:54,215 [INFO] django.server: "POST /auth/signup/ HTTP/1.1" 200 483
2025-10-26 14:39:54,362 [INFO] django.server: "OPTIONS /Libraries HTTP/1.1" 200 0
2025-10-26 14:39:54,362 [INFO] django.server: "OPTIONS /Libraries HTTP/1.1" 200 0
2025-10-26 14:39:54,477 [INFO] django.server: "GET /Libraries HTTP/1.1" 200 264
2025-10-26 14:39:54,477 [INFO] django.server: "GET /Libraries HTTP/1.1" 200 264
2025-10-26 14:39:59,113 [INFO] rag.views: get_courses for library_id=3 by user=Gbesh
2025-10-26 14:39:59,114 [INFO] rag.views: get_courses for library_id=3 by user=Gbesh
2025-10-26 14:39:59,115 [INFO] django.server: "GET /getCourses?library_id=3 HTTP/1.1" 200 266
2025-10-26 14:39:59,115 [INFO] django.server: "GET /getCourses?library_id=3 HTTP/1.1" 200 266
2025-10-26 14:40:13,363 [INFO] django.server: "OPTIONS /Courses HTTP/1.1" 200 0
2025-10-26 14:40:13,527 [INFO] rag.views: create_course called by user=Gbesh data={'course_name': 'SWE', 'course_description': 'Software engineering', 'library_id': 3}
2025-10-26 14:40:13,528 [INFO] rag.services.course_service: create_course called by user=Gbesh data={'course_name': 'SWE', 'course_description': 'Software engineering', 'library_id': 3}
2025-10-26 14:40:13,539 [INFO] rag.services.course_service: Course created: course_id=1 library_id=3
2025-10-26 14:40:13,540 [INFO] django.server: "POST /Courses HTTP/1.1" 201 53
2025-10-26 14:40:13,729 [INFO] rag.views: get_courses for library_id=3 by user=Gbesh
2025-10-26 14:40:13,730 [INFO] django.server: "GET /getCourses?library_id=3 HTTP/1.1" 200 390
2025-10-26 14:40:16,443 [INFO] django.server: "OPTIONS /getDocuments?course_id=1&library_id=3 HTTP/1.1" 200 0
2025-10-26 14:40:16,522 [INFO] rag.views: get_documents for course_id=1 by user=Gbesh
2025-10-26 14:40:16,524 [INFO] django.server: "GET /getDocuments?course_id=1&library_id=3 HTTP/1.1" 200 29
2025-10-26 14:40:32,563 [INFO] django.server: "OPTIONS /Documents HTTP/1.1" 200 0
2025-10-26 14:40:32,750 [INFO] rag.views: add_document called by user=Gbesh files=dict_keys(['file']) data=<QueryDict: {'course_id': ['1'], 'library_id': ['3'], 'file': [<InMemoryUploadedFile: Corrected Undergraduate Handbook_SES_CE_10.01.2023 R3-2.pdf (application/pdf)>]}>
2025-10-26 14:40:32,751 [INFO] rag.services.document_service: add_document called by user=Gbesh files=dict_keys(['file']) data=<QueryDict: {'course_id': ['1'], 'library_id': ['3'], 'file': [<InMemoryUploadedFile: Corrected Undergraduate Handbook_SES_CE_10.01.2023 R3-2.pdf (application/pdf)>]}>
2025-10-26 14:40:35,624 [INFO] rag.services.document_utils: Upserted 68 points for doc_id=1
2025-10-26 14:40:35,624 [INFO] rag.services.document_service: File uploaded successfully: document_id=1 user=Gbesh
2025-10-26 14:40:35,633 [INFO] django.server: "POST /Documents HTTP/1.1" 201 221
2025-10-26 14:40:35,760 [INFO] rag.views: get_documents for course_id=1 by user=Gbesh
2025-10-26 14:40:35,761 [INFO] django.server: "GET /getDocuments?course_id=1&library_id=3 HTTP/1.1" 200 198
2025-10-26 14:40:42,119 [INFO] django.server: "OPTIONS /quiz?document_id=1&number_of_questions=5&library_id=3 HTTP/1.1" 200 0
2025-10-26 14:40:42,119 [INFO] django.server: "OPTIONS /quiz?document_id=1&number_of_questions=5&library_id=3 HTTP/1.1" 200 0
2025-10-26 14:40:42,211 [INFO] rag.views: quiz generation requested by user=Gbesh document_id=1 num=5
2025-10-26 14:40:42,216 [INFO] rag.views: quiz generation requested by user=Gbesh document_id=1 num=5
2025-10-26 14:40:42,241 [ERROR] rag.services.langgraph_service: Failed to generate quiz questions
Traceback (most recent call last):
  File "C:\Users\Philemon\Desktop\Coding\education_system\backend\rag\services\langgraph_service.py", line 247, in get_quiz
    response = qa_chain.invoke({"query": "Generate quiz questions"})
               ^^^^^^^^^^^^^^^^^^^^^^^^^^^^^^^^^^^^^^^^^^^^^^^^^^^^^
  File "C:\Users\Philemon\Desktop\Coding\education_system\backend\.venv\Lib\site-packages\langchain\chains\base.py", line 170, in invoke
    raise e
  File "C:\Users\Philemon\Desktop\Coding\education_system\backend\.venv\Lib\site-packages\langchain\chains\base.py", line 160, in invoke
    self._call(inputs, run_manager=run_manager)
  File "C:\Users\Philemon\Desktop\Coding\education_system\backend\.venv\Lib\site-packages\langchain\chains\retrieval_qa\base.py", line 151, in _call
    docs = self._get_docs(question, run_manager=_run_manager)
           ^^^^^^^^^^^^^^^^^^^^^^^^^^^^^^^^^^^^^^^^^^^^^^^^^^
  File "C:\Users\Philemon\Desktop\Coding\education_system\backend\.venv\Lib\site-packages\langchain\chains\retrieval_qa\base.py", line 271, in _get_docs
    return self.retriever.invoke(
           ^^^^^^^^^^^^^^^^^^^^^^
  File "C:\Users\Philemon\Desktop\Coding\education_system\backend\.venv\Lib\site-packages\langchain_core\retrievers.py", line 259, in invoke
    result = self._get_relevant_documents(
             ^^^^^^^^^^^^^^^^^^^^^^^^^^^^^
  File "C:\Users\Philemon\Desktop\Coding\education_system\backend\.venv\Lib\site-packages\langchain_core\vectorstores\base.py", line 1074, in _get_relevant_documents
    docs = self.vectorstore.similarity_search(query, **_kwargs)
           ^^^^^^^^^^^^^^^^^^^^^^^^^^^^^^^^^^^^^^^^^^^^^^^^^^^^
  File "C:\Users\Philemon\Desktop\Coding\education_system\backend\.venv\Lib\site-packages\langchain_qdrant\qdrant.py", line 508, in similarity_search
    results = self.similarity_search_with_score(
              ^^^^^^^^^^^^^^^^^^^^^^^^^^^^^^^^^^
  File "C:\Users\Philemon\Desktop\Coding\education_system\backend\.venv\Lib\site-packages\langchain_qdrant\qdrant.py", line 554, in similarity_search_with_score
    results = self.client.query_points(
              ^^^^^^^^^^^^^^^^^^^^^^^^^
  File "C:\Users\Philemon\Desktop\Coding\education_system\backend\.venv\Lib\site-packages\qdrant_client\qdrant_client.py", line 559, in query_points
    return self._client.query_points(
           ^^^^^^^^^^^^^^^^^^^^^^^^^^
  File "C:\Users\Philemon\Desktop\Coding\education_system\backend\.venv\Lib\site-packages\qdrant_client\qdrant_remote.py", line 637, in query_points
    grpc.QueryPoints(
ValueError: Protocol message Condition has no "key" field.
2025-10-26 14:40:42,243 [ERROR] rag.services.langgraph_service: Failed to generate quiz questions
Traceback (most recent call last):
  File "C:\Users\Philemon\Desktop\Coding\education_system\backend\rag\services\langgraph_service.py", line 247, in get_quiz
    response = qa_chain.invoke({"query": "Generate quiz questions"})
               ^^^^^^^^^^^^^^^^^^^^^^^^^^^^^^^^^^^^^^^^^^^^^^^^^^^^^
  File "C:\Users\Philemon\Desktop\Coding\education_system\backend\.venv\Lib\site-packages\langchain\chains\base.py", line 170, in invoke
    raise e
  File "C:\Users\Philemon\Desktop\Coding\education_system\backend\.venv\Lib\site-packages\langchain\chains\base.py", line 160, in invoke
    self._call(inputs, run_manager=run_manager)
  File "C:\Users\Philemon\Desktop\Coding\education_system\backend\.venv\Lib\site-packages\langchain\chains\retrieval_qa\base.py", line 151, in _call
    docs = self._get_docs(question, run_manager=_run_manager)
           ^^^^^^^^^^^^^^^^^^^^^^^^^^^^^^^^^^^^^^^^^^^^^^^^^^
  File "C:\Users\Philemon\Desktop\Coding\education_system\backend\.venv\Lib\site-packages\langchain\chains\retrieval_qa\base.py", line 271, in _get_docs
    return self.retriever.invoke(
           ^^^^^^^^^^^^^^^^^^^^^^
  File "C:\Users\Philemon\Desktop\Coding\education_system\backend\.venv\Lib\site-packages\langchain_core\retrievers.py", line 259, in invoke
    result = self._get_relevant_documents(
             ^^^^^^^^^^^^^^^^^^^^^^^^^^^^^
  File "C:\Users\Philemon\Desktop\Coding\education_system\backend\.venv\Lib\site-packages\langchain_core\vectorstores\base.py", line 1074, in _get_relevant_documents
    docs = self.vectorstore.similarity_search(query, **_kwargs)
           ^^^^^^^^^^^^^^^^^^^^^^^^^^^^^^^^^^^^^^^^^^^^^^^^^^^^
  File "C:\Users\Philemon\Desktop\Coding\education_system\backend\.venv\Lib\site-packages\langchain_qdrant\qdrant.py", line 508, in similarity_search
    results = self.similarity_search_with_score(
              ^^^^^^^^^^^^^^^^^^^^^^^^^^^^^^^^^^
  File "C:\Users\Philemon\Desktop\Coding\education_system\backend\.venv\Lib\site-packages\langchain_qdrant\qdrant.py", line 554, in similarity_search_with_score
    results = self.client.query_points(
              ^^^^^^^^^^^^^^^^^^^^^^^^^
  File "C:\Users\Philemon\Desktop\Coding\education_system\backend\.venv\Lib\site-packages\qdrant_client\qdrant_client.py", line 559, in query_points
    return self._client.query_points(
           ^^^^^^^^^^^^^^^^^^^^^^^^^^
  File "C:\Users\Philemon\Desktop\Coding\education_system\backend\.venv\Lib\site-packages\qdrant_client\qdrant_remote.py", line 637, in query_points
    grpc.QueryPoints(
ValueError: Protocol message Condition has no "key" field.
2025-10-26 14:40:42,365 [ERROR] django.request: Internal Server Error: /quiz
Traceback (most recent call last):
  File "C:\Users\Philemon\Desktop\Coding\education_system\backend\.venv\Lib\site-packages\django\core\handlers\exception.py", line 55, in inner
    response = get_response(request)
               ^^^^^^^^^^^^^^^^^^^^^
  File "C:\Users\Philemon\Desktop\Coding\education_system\backend\.venv\Lib\site-packages\django\core\handlers\base.py", line 197, in _get_response
    response = wrapped_callback(request, *callback_args, **callback_kwargs)
               ^^^^^^^^^^^^^^^^^^^^^^^^^^^^^^^^^^^^^^^^^^^^^^^^^^^^^^^^^^^^
  File "C:\Users\Philemon\Desktop\Coding\education_system\backend\.venv\Lib\site-packages\django\views\decorators\csrf.py", line 65, in _view_wrapper
    return view_func(request, *args, **kwargs)
           ^^^^^^^^^^^^^^^^^^^^^^^^^^^^^^^^^^^
  File "C:\Users\Philemon\Desktop\Coding\education_system\backend\.venv\Lib\site-packages\django\views\generic\base.py", line 104, in view
    return self.dispatch(request, *args, **kwargs)
           ^^^^^^^^^^^^^^^^^^^^^^^^^^^^^^^^^^^^^^^
  File "C:\Users\Philemon\Desktop\Coding\education_system\backend\.venv\Lib\site-packages\rest_framework\views.py", line 509, in dispatch
    response = self.handle_exception(exc)
               ^^^^^^^^^^^^^^^^^^^^^^^^^^
  File "C:\Users\Philemon\Desktop\Coding\education_system\backend\.venv\Lib\site-packages\rest_framework\views.py", line 469, in handle_exception
    self.raise_uncaught_exception(exc)
  File "C:\Users\Philemon\Desktop\Coding\education_system\backend\.venv\Lib\site-packages\rest_framework\views.py", line 480, in raise_uncaught_exception
    raise exc
  File "C:\Users\Philemon\Desktop\Coding\education_system\backend\.venv\Lib\site-packages\rest_framework\views.py", line 506, in dispatch
    response = handler(request, *args, **kwargs)
               ^^^^^^^^^^^^^^^^^^^^^^^^^^^^^^^^^
  File "C:\Users\Philemon\Desktop\Coding\education_system\backend\.venv\Lib\site-packages\rest_framework\decorators.py", line 50, in handler
    return func(*args, **kwargs)
           ^^^^^^^^^^^^^^^^^^^^^
  File "C:\Users\Philemon\Desktop\Coding\education_system\backend\rag\views.py", line 265, in quiz
    response = langraph_service.get_quiz(document.id, number_of_questions)
               ^^^^^^^^^^^^^^^^^^^^^^^^^^^^^^^^^^^^^^^^^^^^^^^^^^^^^^^^^^^
  File "C:\Users\Philemon\Desktop\Coding\education_system\backend\rag\services\langgraph_service.py", line 247, in get_quiz
    response = qa_chain.invoke({"query": "Generate quiz questions"})
               ^^^^^^^^^^^^^^^^^^^^^^^^^^^^^^^^^^^^^^^^^^^^^^^^^^^^^
  File "C:\Users\Philemon\Desktop\Coding\education_system\backend\.venv\Lib\site-packages\langchain\chains\base.py", line 170, in invoke
    raise e
  File "C:\Users\Philemon\Desktop\Coding\education_system\backend\.venv\Lib\site-packages\langchain\chains\base.py", line 160, in invoke
    self._call(inputs, run_manager=run_manager)
  File "C:\Users\Philemon\Desktop\Coding\education_system\backend\.venv\Lib\site-packages\langchain\chains\retrieval_qa\base.py", line 151, in _call
    docs = self._get_docs(question, run_manager=_run_manager)
           ^^^^^^^^^^^^^^^^^^^^^^^^^^^^^^^^^^^^^^^^^^^^^^^^^^
  File "C:\Users\Philemon\Desktop\Coding\education_system\backend\.venv\Lib\site-packages\langchain\chains\retrieval_qa\base.py", line 271, in _get_docs
    return self.retriever.invoke(
           ^^^^^^^^^^^^^^^^^^^^^^
  File "C:\Users\Philemon\Desktop\Coding\education_system\backend\.venv\Lib\site-packages\langchain_core\retrievers.py", line 259, in invoke
    result = self._get_relevant_documents(
             ^^^^^^^^^^^^^^^^^^^^^^^^^^^^^
  File "C:\Users\Philemon\Desktop\Coding\education_system\backend\.venv\Lib\site-packages\langchain_core\vectorstores\base.py", line 1074, in _get_relevant_documents
    docs = self.vectorstore.similarity_search(query, **_kwargs)
           ^^^^^^^^^^^^^^^^^^^^^^^^^^^^^^^^^^^^^^^^^^^^^^^^^^^^
  File "C:\Users\Philemon\Desktop\Coding\education_system\backend\.venv\Lib\site-packages\langchain_qdrant\qdrant.py", line 508, in similarity_search
    results = self.similarity_search_with_score(
              ^^^^^^^^^^^^^^^^^^^^^^^^^^^^^^^^^^
  File "C:\Users\Philemon\Desktop\Coding\education_system\backend\.venv\Lib\site-packages\langchain_qdrant\qdrant.py", line 554, in similarity_search_with_score
    results = self.client.query_points(
              ^^^^^^^^^^^^^^^^^^^^^^^^^
  File "C:\Users\Philemon\Desktop\Coding\education_system\backend\.venv\Lib\site-packages\qdrant_client\qdrant_client.py", line 559, in query_points
    return self._client.query_points(
           ^^^^^^^^^^^^^^^^^^^^^^^^^^
  File "C:\Users\Philemon\Desktop\Coding\education_system\backend\.venv\Lib\site-packages\qdrant_client\qdrant_remote.py", line 637, in query_points
    grpc.QueryPoints(
ValueError: Protocol message Condition has no "key" field.
2025-10-26 14:40:42,366 [ERROR] django.request: Internal Server Error: /quiz
Traceback (most recent call last):
  File "C:\Users\Philemon\Desktop\Coding\education_system\backend\.venv\Lib\site-packages\django\core\handlers\exception.py", line 55, in inner
    response = get_response(request)
               ^^^^^^^^^^^^^^^^^^^^^
  File "C:\Users\Philemon\Desktop\Coding\education_system\backend\.venv\Lib\site-packages\django\core\handlers\base.py", line 197, in _get_response
    response = wrapped_callback(request, *callback_args, **callback_kwargs)
               ^^^^^^^^^^^^^^^^^^^^^^^^^^^^^^^^^^^^^^^^^^^^^^^^^^^^^^^^^^^^
  File "C:\Users\Philemon\Desktop\Coding\education_system\backend\.venv\Lib\site-packages\django\views\decorators\csrf.py", line 65, in _view_wrapper
    return view_func(request, *args, **kwargs)
           ^^^^^^^^^^^^^^^^^^^^^^^^^^^^^^^^^^^
  File "C:\Users\Philemon\Desktop\Coding\education_system\backend\.venv\Lib\site-packages\django\views\generic\base.py", line 104, in view
    return self.dispatch(request, *args, **kwargs)
           ^^^^^^^^^^^^^^^^^^^^^^^^^^^^^^^^^^^^^^^
  File "C:\Users\Philemon\Desktop\Coding\education_system\backend\.venv\Lib\site-packages\rest_framework\views.py", line 509, in dispatch
    response = self.handle_exception(exc)
               ^^^^^^^^^^^^^^^^^^^^^^^^^^
  File "C:\Users\Philemon\Desktop\Coding\education_system\backend\.venv\Lib\site-packages\rest_framework\views.py", line 469, in handle_exception
    self.raise_uncaught_exception(exc)
  File "C:\Users\Philemon\Desktop\Coding\education_system\backend\.venv\Lib\site-packages\rest_framework\views.py", line 480, in raise_uncaught_exception
    raise exc
  File "C:\Users\Philemon\Desktop\Coding\education_system\backend\.venv\Lib\site-packages\rest_framework\views.py", line 506, in dispatch
    response = handler(request, *args, **kwargs)
               ^^^^^^^^^^^^^^^^^^^^^^^^^^^^^^^^^
  File "C:\Users\Philemon\Desktop\Coding\education_system\backend\.venv\Lib\site-packages\rest_framework\decorators.py", line 50, in handler
    return func(*args, **kwargs)
           ^^^^^^^^^^^^^^^^^^^^^
  File "C:\Users\Philemon\Desktop\Coding\education_system\backend\rag\views.py", line 265, in quiz
    response = langraph_service.get_quiz(document.id, number_of_questions)
               ^^^^^^^^^^^^^^^^^^^^^^^^^^^^^^^^^^^^^^^^^^^^^^^^^^^^^^^^^^^
  File "C:\Users\Philemon\Desktop\Coding\education_system\backend\rag\services\langgraph_service.py", line 247, in get_quiz
    response = qa_chain.invoke({"query": "Generate quiz questions"})
               ^^^^^^^^^^^^^^^^^^^^^^^^^^^^^^^^^^^^^^^^^^^^^^^^^^^^^
  File "C:\Users\Philemon\Desktop\Coding\education_system\backend\.venv\Lib\site-packages\langchain\chains\base.py", line 170, in invoke
    raise e
  File "C:\Users\Philemon\Desktop\Coding\education_system\backend\.venv\Lib\site-packages\langchain\chains\base.py", line 160, in invoke
    self._call(inputs, run_manager=run_manager)
  File "C:\Users\Philemon\Desktop\Coding\education_system\backend\.venv\Lib\site-packages\langchain\chains\retrieval_qa\base.py", line 151, in _call
    docs = self._get_docs(question, run_manager=_run_manager)
           ^^^^^^^^^^^^^^^^^^^^^^^^^^^^^^^^^^^^^^^^^^^^^^^^^^
  File "C:\Users\Philemon\Desktop\Coding\education_system\backend\.venv\Lib\site-packages\langchain\chains\retrieval_qa\base.py", line 271, in _get_docs
    return self.retriever.invoke(
           ^^^^^^^^^^^^^^^^^^^^^^
  File "C:\Users\Philemon\Desktop\Coding\education_system\backend\.venv\Lib\site-packages\langchain_core\retrievers.py", line 259, in invoke
    result = self._get_relevant_documents(
             ^^^^^^^^^^^^^^^^^^^^^^^^^^^^^
  File "C:\Users\Philemon\Desktop\Coding\education_system\backend\.venv\Lib\site-packages\langchain_core\vectorstores\base.py", line 1074, in _get_relevant_documents
    docs = self.vectorstore.similarity_search(query, **_kwargs)
           ^^^^^^^^^^^^^^^^^^^^^^^^^^^^^^^^^^^^^^^^^^^^^^^^^^^^
  File "C:\Users\Philemon\Desktop\Coding\education_system\backend\.venv\Lib\site-packages\langchain_qdrant\qdrant.py", line 508, in similarity_search
    results = self.similarity_search_with_score(
              ^^^^^^^^^^^^^^^^^^^^^^^^^^^^^^^^^^
  File "C:\Users\Philemon\Desktop\Coding\education_system\backend\.venv\Lib\site-packages\langchain_qdrant\qdrant.py", line 554, in similarity_search_with_score
    results = self.client.query_points(
              ^^^^^^^^^^^^^^^^^^^^^^^^^
  File "C:\Users\Philemon\Desktop\Coding\education_system\backend\.venv\Lib\site-packages\qdrant_client\qdrant_client.py", line 559, in query_points
    return self._client.query_points(
           ^^^^^^^^^^^^^^^^^^^^^^^^^^
  File "C:\Users\Philemon\Desktop\Coding\education_system\backend\.venv\Lib\site-packages\qdrant_client\qdrant_remote.py", line 637, in query_points
    grpc.QueryPoints(
ValueError: Protocol message Condition has no "key" field.
2025-10-26 14:40:42,376 [ERROR] django.server: "GET /quiz?document_id=1&number_of_questions=5&library_id=3 HTTP/1.1" 500 214338
2025-10-26 14:40:42,376 [ERROR] django.server: "GET /quiz?document_id=1&number_of_questions=5&library_id=3 HTTP/1.1" 500 214338
2025-10-26 14:43:38,646 [INFO] django.utils.autoreload: C:\Users\Philemon\Desktop\Coding\education_system\backend\rag\services\langgraph_service.py changed, reloading.
2025-10-26 14:43:45,228 [INFO] django.utils.autoreload: Watching for file changes with StatReloader
2025-10-26 14:43:46,976 [INFO] django.utils.autoreload: C:\Users\Philemon\Desktop\Coding\education_system\backend\rag\services\langgraph_service.py changed, reloading.
2025-10-26 14:44:02,221 [INFO] sentence_transformers.SentenceTransformer: Use pytorch device_name: cpu
2025-10-26 14:44:02,222 [INFO] sentence_transformers.SentenceTransformer: Load pretrained SentenceTransformer: all-MiniLM-L6-v2
2025-10-26 14:45:10,060 [INFO] django.utils.autoreload: Watching for file changes with StatReloader
2025-10-26 14:45:11,816 [INFO] django.server: "OPTIONS /Libraries HTTP/1.1" 200 0
2025-10-26 14:45:11,818 [INFO] django.server: "OPTIONS /Libraries HTTP/1.1" 200 0
2025-10-26 14:45:11,881 [WARNING] django.request: Unauthorized: /Libraries
2025-10-26 14:45:11,882 [WARNING] django.request: Unauthorized: /Libraries
2025-10-26 14:45:11,884 [WARNING] django.server: "GET /Libraries HTTP/1.1" 401 172
2025-10-26 14:45:11,884 [WARNING] django.server: "GET /Libraries HTTP/1.1" 401 172
2025-10-26 14:45:12,091 [INFO] django.server: "POST /auth/api/token/refresh/ HTTP/1.1" 200 241
2025-10-26 14:45:12,091 [INFO] django.server: "POST /auth/api/token/refresh/ HTTP/1.1" 200 241
2025-10-26 14:45:12,175 [INFO] django.server: "OPTIONS /Libraries HTTP/1.1" 200 0
2025-10-26 14:45:12,182 [INFO] django.server: "OPTIONS /Libraries HTTP/1.1" 200 0
2025-10-26 14:45:23,668 [INFO] django.server: "OPTIONS /Libraries HTTP/1.1" 200 0
2025-10-26 14:45:23,669 [INFO] django.server: "OPTIONS /Libraries HTTP/1.1" 200 0
2025-10-26 14:45:23,788 [INFO] django.server: "GET /Libraries HTTP/1.1" 200 264
2025-10-26 14:45:23,788 [INFO] django.server: "GET /Libraries HTTP/1.1" 200 264
2025-10-26 14:45:25,118 [INFO] rag.views: get_courses for library_id=3 by user=Gbesh
2025-10-26 14:45:25,119 [INFO] rag.views: get_courses for library_id=3 by user=Gbesh
2025-10-26 14:45:25,120 [INFO] django.server: "GET /getCourses?library_id=3 HTTP/1.1" 200 390
2025-10-26 14:45:25,121 [INFO] django.server: "GET /getCourses?library_id=3 HTTP/1.1" 200 390
2025-10-26 14:45:26,339 [INFO] rag.views: get_documents for course_id=1 by user=Gbesh
2025-10-26 14:45:26,341 [INFO] django.server: "GET /getDocuments?course_id=1&library_id=3 HTTP/1.1" 200 198
2025-10-26 14:45:33,381 [INFO] rag.views: quiz generation requested by user=Gbesh document_id=1 num=5
2025-10-26 14:45:33,397 [INFO] rag.views: quiz generation requested by user=Gbesh document_id=1 num=5
2025-10-26 14:45:33,425 [ERROR] rag.services.langgraph_service: Failed to generate quiz questions
Traceback (most recent call last):
  File "C:\Users\Philemon\Desktop\Coding\education_system\backend\rag\services\langgraph_service.py", line 247, in get_quiz
    response = qa_chain.invoke({"query": "Generate quiz questions"})
               ^^^^^^^^^^^^^^^^^^^^^^^^^^^^^^^^^^^^^^^^^^^^^^^^^^^^^
  File "C:\Users\Philemon\Desktop\Coding\education_system\backend\.venv\Lib\site-packages\langchain\chains\base.py", line 170, in invoke
    raise e
  File "C:\Users\Philemon\Desktop\Coding\education_system\backend\.venv\Lib\site-packages\langchain\chains\base.py", line 160, in invoke
    self._call(inputs, run_manager=run_manager)
  File "C:\Users\Philemon\Desktop\Coding\education_system\backend\.venv\Lib\site-packages\langchain\chains\retrieval_qa\base.py", line 151, in _call
    docs = self._get_docs(question, run_manager=_run_manager)
           ^^^^^^^^^^^^^^^^^^^^^^^^^^^^^^^^^^^^^^^^^^^^^^^^^^
  File "C:\Users\Philemon\Desktop\Coding\education_system\backend\.venv\Lib\site-packages\langchain\chains\retrieval_qa\base.py", line 271, in _get_docs
    return self.retriever.invoke(
           ^^^^^^^^^^^^^^^^^^^^^^
  File "C:\Users\Philemon\Desktop\Coding\education_system\backend\.venv\Lib\site-packages\langchain_core\retrievers.py", line 259, in invoke
    result = self._get_relevant_documents(
             ^^^^^^^^^^^^^^^^^^^^^^^^^^^^^
  File "C:\Users\Philemon\Desktop\Coding\education_system\backend\.venv\Lib\site-packages\langchain_core\vectorstores\base.py", line 1074, in _get_relevant_documents
    docs = self.vectorstore.similarity_search(query, **_kwargs)
           ^^^^^^^^^^^^^^^^^^^^^^^^^^^^^^^^^^^^^^^^^^^^^^^^^^^^
  File "C:\Users\Philemon\Desktop\Coding\education_system\backend\.venv\Lib\site-packages\langchain_qdrant\qdrant.py", line 508, in similarity_search
    results = self.similarity_search_with_score(
              ^^^^^^^^^^^^^^^^^^^^^^^^^^^^^^^^^^
  File "C:\Users\Philemon\Desktop\Coding\education_system\backend\.venv\Lib\site-packages\langchain_qdrant\qdrant.py", line 554, in similarity_search_with_score
    results = self.client.query_points(
              ^^^^^^^^^^^^^^^^^^^^^^^^^
  File "C:\Users\Philemon\Desktop\Coding\education_system\backend\.venv\Lib\site-packages\qdrant_client\qdrant_client.py", line 559, in query_points
    return self._client.query_points(
           ^^^^^^^^^^^^^^^^^^^^^^^^^^
  File "C:\Users\Philemon\Desktop\Coding\education_system\backend\.venv\Lib\site-packages\qdrant_client\qdrant_remote.py", line 637, in query_points
    grpc.QueryPoints(
ValueError: Protocol message Filter has no "key" field.
2025-10-26 14:45:33,435 [ERROR] rag.services.langgraph_service: Failed to generate quiz questions
Traceback (most recent call last):
  File "C:\Users\Philemon\Desktop\Coding\education_system\backend\rag\services\langgraph_service.py", line 247, in get_quiz
    response = qa_chain.invoke({"query": "Generate quiz questions"})
               ^^^^^^^^^^^^^^^^^^^^^^^^^^^^^^^^^^^^^^^^^^^^^^^^^^^^^
  File "C:\Users\Philemon\Desktop\Coding\education_system\backend\.venv\Lib\site-packages\langchain\chains\base.py", line 170, in invoke
    raise e
  File "C:\Users\Philemon\Desktop\Coding\education_system\backend\.venv\Lib\site-packages\langchain\chains\base.py", line 160, in invoke
    self._call(inputs, run_manager=run_manager)
  File "C:\Users\Philemon\Desktop\Coding\education_system\backend\.venv\Lib\site-packages\langchain\chains\retrieval_qa\base.py", line 151, in _call
    docs = self._get_docs(question, run_manager=_run_manager)
           ^^^^^^^^^^^^^^^^^^^^^^^^^^^^^^^^^^^^^^^^^^^^^^^^^^
  File "C:\Users\Philemon\Desktop\Coding\education_system\backend\.venv\Lib\site-packages\langchain\chains\retrieval_qa\base.py", line 271, in _get_docs
    return self.retriever.invoke(
           ^^^^^^^^^^^^^^^^^^^^^^
  File "C:\Users\Philemon\Desktop\Coding\education_system\backend\.venv\Lib\site-packages\langchain_core\retrievers.py", line 259, in invoke
    result = self._get_relevant_documents(
             ^^^^^^^^^^^^^^^^^^^^^^^^^^^^^
  File "C:\Users\Philemon\Desktop\Coding\education_system\backend\.venv\Lib\site-packages\langchain_core\vectorstores\base.py", line 1074, in _get_relevant_documents
    docs = self.vectorstore.similarity_search(query, **_kwargs)
           ^^^^^^^^^^^^^^^^^^^^^^^^^^^^^^^^^^^^^^^^^^^^^^^^^^^^
  File "C:\Users\Philemon\Desktop\Coding\education_system\backend\.venv\Lib\site-packages\langchain_qdrant\qdrant.py", line 508, in similarity_search
    results = self.similarity_search_with_score(
              ^^^^^^^^^^^^^^^^^^^^^^^^^^^^^^^^^^
  File "C:\Users\Philemon\Desktop\Coding\education_system\backend\.venv\Lib\site-packages\langchain_qdrant\qdrant.py", line 554, in similarity_search_with_score
    results = self.client.query_points(
              ^^^^^^^^^^^^^^^^^^^^^^^^^
  File "C:\Users\Philemon\Desktop\Coding\education_system\backend\.venv\Lib\site-packages\qdrant_client\qdrant_client.py", line 559, in query_points
    return self._client.query_points(
           ^^^^^^^^^^^^^^^^^^^^^^^^^^
  File "C:\Users\Philemon\Desktop\Coding\education_system\backend\.venv\Lib\site-packages\qdrant_client\qdrant_remote.py", line 637, in query_points
    grpc.QueryPoints(
ValueError: Protocol message Filter has no "key" field.
2025-10-26 14:45:33,581 [ERROR] django.request: Internal Server Error: /quiz
Traceback (most recent call last):
  File "C:\Users\Philemon\Desktop\Coding\education_system\backend\.venv\Lib\site-packages\django\core\handlers\exception.py", line 55, in inner
    response = get_response(request)
               ^^^^^^^^^^^^^^^^^^^^^
  File "C:\Users\Philemon\Desktop\Coding\education_system\backend\.venv\Lib\site-packages\django\core\handlers\base.py", line 197, in _get_response
    response = wrapped_callback(request, *callback_args, **callback_kwargs)
               ^^^^^^^^^^^^^^^^^^^^^^^^^^^^^^^^^^^^^^^^^^^^^^^^^^^^^^^^^^^^
  File "C:\Users\Philemon\Desktop\Coding\education_system\backend\.venv\Lib\site-packages\django\views\decorators\csrf.py", line 65, in _view_wrapper
    return view_func(request, *args, **kwargs)
           ^^^^^^^^^^^^^^^^^^^^^^^^^^^^^^^^^^^
  File "C:\Users\Philemon\Desktop\Coding\education_system\backend\.venv\Lib\site-packages\django\views\generic\base.py", line 104, in view
    return self.dispatch(request, *args, **kwargs)
           ^^^^^^^^^^^^^^^^^^^^^^^^^^^^^^^^^^^^^^^
  File "C:\Users\Philemon\Desktop\Coding\education_system\backend\.venv\Lib\site-packages\rest_framework\views.py", line 509, in dispatch
    response = self.handle_exception(exc)
               ^^^^^^^^^^^^^^^^^^^^^^^^^^
  File "C:\Users\Philemon\Desktop\Coding\education_system\backend\.venv\Lib\site-packages\rest_framework\views.py", line 469, in handle_exception
    self.raise_uncaught_exception(exc)
  File "C:\Users\Philemon\Desktop\Coding\education_system\backend\.venv\Lib\site-packages\rest_framework\views.py", line 480, in raise_uncaught_exception
    raise exc
  File "C:\Users\Philemon\Desktop\Coding\education_system\backend\.venv\Lib\site-packages\rest_framework\views.py", line 506, in dispatch
    response = handler(request, *args, **kwargs)
               ^^^^^^^^^^^^^^^^^^^^^^^^^^^^^^^^^
  File "C:\Users\Philemon\Desktop\Coding\education_system\backend\.venv\Lib\site-packages\rest_framework\decorators.py", line 50, in handler
    return func(*args, **kwargs)
           ^^^^^^^^^^^^^^^^^^^^^
  File "C:\Users\Philemon\Desktop\Coding\education_system\backend\rag\views.py", line 265, in quiz
    response = langraph_service.get_quiz(document.id, number_of_questions)
               ^^^^^^^^^^^^^^^^^^^^^^^^^^^^^^^^^^^^^^^^^^^^^^^^^^^^^^^^^^^
  File "C:\Users\Philemon\Desktop\Coding\education_system\backend\rag\services\langgraph_service.py", line 247, in get_quiz
    response = qa_chain.invoke({"query": "Generate quiz questions"})
               ^^^^^^^^^^^^^^^^^^^^^^^^^^^^^^^^^^^^^^^^^^^^^^^^^^^^^
  File "C:\Users\Philemon\Desktop\Coding\education_system\backend\.venv\Lib\site-packages\langchain\chains\base.py", line 170, in invoke
    raise e
  File "C:\Users\Philemon\Desktop\Coding\education_system\backend\.venv\Lib\site-packages\langchain\chains\base.py", line 160, in invoke
    self._call(inputs, run_manager=run_manager)
  File "C:\Users\Philemon\Desktop\Coding\education_system\backend\.venv\Lib\site-packages\langchain\chains\retrieval_qa\base.py", line 151, in _call
    docs = self._get_docs(question, run_manager=_run_manager)
           ^^^^^^^^^^^^^^^^^^^^^^^^^^^^^^^^^^^^^^^^^^^^^^^^^^
  File "C:\Users\Philemon\Desktop\Coding\education_system\backend\.venv\Lib\site-packages\langchain\chains\retrieval_qa\base.py", line 271, in _get_docs
    return self.retriever.invoke(
           ^^^^^^^^^^^^^^^^^^^^^^
  File "C:\Users\Philemon\Desktop\Coding\education_system\backend\.venv\Lib\site-packages\langchain_core\retrievers.py", line 259, in invoke
    result = self._get_relevant_documents(
             ^^^^^^^^^^^^^^^^^^^^^^^^^^^^^
  File "C:\Users\Philemon\Desktop\Coding\education_system\backend\.venv\Lib\site-packages\langchain_core\vectorstores\base.py", line 1074, in _get_relevant_documents
    docs = self.vectorstore.similarity_search(query, **_kwargs)
           ^^^^^^^^^^^^^^^^^^^^^^^^^^^^^^^^^^^^^^^^^^^^^^^^^^^^
  File "C:\Users\Philemon\Desktop\Coding\education_system\backend\.venv\Lib\site-packages\langchain_qdrant\qdrant.py", line 508, in similarity_search
    results = self.similarity_search_with_score(
              ^^^^^^^^^^^^^^^^^^^^^^^^^^^^^^^^^^
  File "C:\Users\Philemon\Desktop\Coding\education_system\backend\.venv\Lib\site-packages\langchain_qdrant\qdrant.py", line 554, in similarity_search_with_score
    results = self.client.query_points(
              ^^^^^^^^^^^^^^^^^^^^^^^^^
  File "C:\Users\Philemon\Desktop\Coding\education_system\backend\.venv\Lib\site-packages\qdrant_client\qdrant_client.py", line 559, in query_points
    return self._client.query_points(
           ^^^^^^^^^^^^^^^^^^^^^^^^^^
  File "C:\Users\Philemon\Desktop\Coding\education_system\backend\.venv\Lib\site-packages\qdrant_client\qdrant_remote.py", line 637, in query_points
    grpc.QueryPoints(
ValueError: Protocol message Filter has no "key" field.
2025-10-26 14:45:33,584 [ERROR] django.request: Internal Server Error: /quiz
Traceback (most recent call last):
  File "C:\Users\Philemon\Desktop\Coding\education_system\backend\.venv\Lib\site-packages\django\core\handlers\exception.py", line 55, in inner
    response = get_response(request)
               ^^^^^^^^^^^^^^^^^^^^^
  File "C:\Users\Philemon\Desktop\Coding\education_system\backend\.venv\Lib\site-packages\django\core\handlers\base.py", line 197, in _get_response
    response = wrapped_callback(request, *callback_args, **callback_kwargs)
               ^^^^^^^^^^^^^^^^^^^^^^^^^^^^^^^^^^^^^^^^^^^^^^^^^^^^^^^^^^^^
  File "C:\Users\Philemon\Desktop\Coding\education_system\backend\.venv\Lib\site-packages\django\views\decorators\csrf.py", line 65, in _view_wrapper
    return view_func(request, *args, **kwargs)
           ^^^^^^^^^^^^^^^^^^^^^^^^^^^^^^^^^^^
  File "C:\Users\Philemon\Desktop\Coding\education_system\backend\.venv\Lib\site-packages\django\views\generic\base.py", line 104, in view
    return self.dispatch(request, *args, **kwargs)
           ^^^^^^^^^^^^^^^^^^^^^^^^^^^^^^^^^^^^^^^
  File "C:\Users\Philemon\Desktop\Coding\education_system\backend\.venv\Lib\site-packages\rest_framework\views.py", line 509, in dispatch
    response = self.handle_exception(exc)
               ^^^^^^^^^^^^^^^^^^^^^^^^^^
  File "C:\Users\Philemon\Desktop\Coding\education_system\backend\.venv\Lib\site-packages\rest_framework\views.py", line 469, in handle_exception
    self.raise_uncaught_exception(exc)
  File "C:\Users\Philemon\Desktop\Coding\education_system\backend\.venv\Lib\site-packages\rest_framework\views.py", line 480, in raise_uncaught_exception
    raise exc
  File "C:\Users\Philemon\Desktop\Coding\education_system\backend\.venv\Lib\site-packages\rest_framework\views.py", line 506, in dispatch
    response = handler(request, *args, **kwargs)
               ^^^^^^^^^^^^^^^^^^^^^^^^^^^^^^^^^
  File "C:\Users\Philemon\Desktop\Coding\education_system\backend\.venv\Lib\site-packages\rest_framework\decorators.py", line 50, in handler
    return func(*args, **kwargs)
           ^^^^^^^^^^^^^^^^^^^^^
  File "C:\Users\Philemon\Desktop\Coding\education_system\backend\rag\views.py", line 265, in quiz
    response = langraph_service.get_quiz(document.id, number_of_questions)
               ^^^^^^^^^^^^^^^^^^^^^^^^^^^^^^^^^^^^^^^^^^^^^^^^^^^^^^^^^^^
  File "C:\Users\Philemon\Desktop\Coding\education_system\backend\rag\services\langgraph_service.py", line 247, in get_quiz
    response = qa_chain.invoke({"query": "Generate quiz questions"})
               ^^^^^^^^^^^^^^^^^^^^^^^^^^^^^^^^^^^^^^^^^^^^^^^^^^^^^
  File "C:\Users\Philemon\Desktop\Coding\education_system\backend\.venv\Lib\site-packages\langchain\chains\base.py", line 170, in invoke
    raise e
  File "C:\Users\Philemon\Desktop\Coding\education_system\backend\.venv\Lib\site-packages\langchain\chains\base.py", line 160, in invoke
    self._call(inputs, run_manager=run_manager)
  File "C:\Users\Philemon\Desktop\Coding\education_system\backend\.venv\Lib\site-packages\langchain\chains\retrieval_qa\base.py", line 151, in _call
    docs = self._get_docs(question, run_manager=_run_manager)
           ^^^^^^^^^^^^^^^^^^^^^^^^^^^^^^^^^^^^^^^^^^^^^^^^^^
  File "C:\Users\Philemon\Desktop\Coding\education_system\backend\.venv\Lib\site-packages\langchain\chains\retrieval_qa\base.py", line 271, in _get_docs
    return self.retriever.invoke(
           ^^^^^^^^^^^^^^^^^^^^^^
  File "C:\Users\Philemon\Desktop\Coding\education_system\backend\.venv\Lib\site-packages\langchain_core\retrievers.py", line 259, in invoke
    result = self._get_relevant_documents(
             ^^^^^^^^^^^^^^^^^^^^^^^^^^^^^
  File "C:\Users\Philemon\Desktop\Coding\education_system\backend\.venv\Lib\site-packages\langchain_core\vectorstores\base.py", line 1074, in _get_relevant_documents
    docs = self.vectorstore.similarity_search(query, **_kwargs)
           ^^^^^^^^^^^^^^^^^^^^^^^^^^^^^^^^^^^^^^^^^^^^^^^^^^^^
  File "C:\Users\Philemon\Desktop\Coding\education_system\backend\.venv\Lib\site-packages\langchain_qdrant\qdrant.py", line 508, in similarity_search
    results = self.similarity_search_with_score(
              ^^^^^^^^^^^^^^^^^^^^^^^^^^^^^^^^^^
  File "C:\Users\Philemon\Desktop\Coding\education_system\backend\.venv\Lib\site-packages\langchain_qdrant\qdrant.py", line 554, in similarity_search_with_score
    results = self.client.query_points(
              ^^^^^^^^^^^^^^^^^^^^^^^^^
  File "C:\Users\Philemon\Desktop\Coding\education_system\backend\.venv\Lib\site-packages\qdrant_client\qdrant_client.py", line 559, in query_points
    return self._client.query_points(
           ^^^^^^^^^^^^^^^^^^^^^^^^^^
  File "C:\Users\Philemon\Desktop\Coding\education_system\backend\.venv\Lib\site-packages\qdrant_client\qdrant_remote.py", line 637, in query_points
    grpc.QueryPoints(
ValueError: Protocol message Filter has no "key" field.
2025-10-26 14:45:33,594 [ERROR] django.server: "GET /quiz?document_id=1&number_of_questions=5&library_id=3 HTTP/1.1" 500 214012
2025-10-26 14:45:33,595 [ERROR] django.server: "GET /quiz?document_id=1&number_of_questions=5&library_id=3 HTTP/1.1" 500 214012
2025-10-26 14:46:11,402 [INFO] django.utils.autoreload: C:\Users\Philemon\Desktop\Coding\education_system\backend\rag\services\langgraph_service.py changed, reloading.
2025-10-26 14:46:24,125 [INFO] sentence_transformers.SentenceTransformer: Use pytorch device_name: cpu
2025-10-26 14:46:24,125 [INFO] sentence_transformers.SentenceTransformer: Load pretrained SentenceTransformer: all-MiniLM-L6-v2
2025-10-26 14:46:30,222 [INFO] django.utils.autoreload: Watching for file changes with StatReloader
2025-10-26 14:46:48,362 [INFO] django.server: "GET /Libraries HTTP/1.1" 200 264
2025-10-26 14:46:48,363 [INFO] django.server: "GET /Libraries HTTP/1.1" 200 264
2025-10-26 14:46:49,775 [INFO] rag.views: get_courses for library_id=3 by user=Gbesh
2025-10-26 14:46:49,777 [INFO] rag.views: get_courses for library_id=3 by user=Gbesh
2025-10-26 14:46:49,778 [INFO] django.server: "GET /getCourses?library_id=3 HTTP/1.1" 200 390
2025-10-26 14:46:49,779 [INFO] django.server: "GET /getCourses?library_id=3 HTTP/1.1" 200 390
2025-10-26 14:46:51,369 [INFO] rag.views: get_documents for course_id=1 by user=Gbesh
2025-10-26 14:46:51,371 [INFO] django.server: "GET /getDocuments?course_id=1&library_id=3 HTTP/1.1" 200 198
2025-10-26 14:46:54,746 [INFO] rag.views: quiz generation requested by user=Gbesh document_id=1 num=5
2025-10-26 14:46:54,751 [INFO] rag.views: quiz generation requested by user=Gbesh document_id=1 num=5
2025-10-26 14:46:54,779 [ERROR] rag.services.langgraph_service: Failed to generate quiz questions
Traceback (most recent call last):
  File "C:\Users\Philemon\Desktop\Coding\education_system\backend\rag\services\langgraph_service.py", line 247, in get_quiz
    response = qa_chain.invoke({"query": "Generate quiz questions"})
               ^^^^^^^^^^^^^^^^^^^^^^^^^^^^^^^^^^^^^^^^^^^^^^^^^^^^^
  File "C:\Users\Philemon\Desktop\Coding\education_system\backend\.venv\Lib\site-packages\langchain\chains\base.py", line 170, in invoke
    raise e
  File "C:\Users\Philemon\Desktop\Coding\education_system\backend\.venv\Lib\site-packages\langchain\chains\base.py", line 160, in invoke
    self._call(inputs, run_manager=run_manager)
  File "C:\Users\Philemon\Desktop\Coding\education_system\backend\.venv\Lib\site-packages\langchain\chains\retrieval_qa\base.py", line 151, in _call
    docs = self._get_docs(question, run_manager=_run_manager)
           ^^^^^^^^^^^^^^^^^^^^^^^^^^^^^^^^^^^^^^^^^^^^^^^^^^
  File "C:\Users\Philemon\Desktop\Coding\education_system\backend\.venv\Lib\site-packages\langchain\chains\retrieval_qa\base.py", line 271, in _get_docs
    return self.retriever.invoke(
           ^^^^^^^^^^^^^^^^^^^^^^
  File "C:\Users\Philemon\Desktop\Coding\education_system\backend\.venv\Lib\site-packages\langchain_core\retrievers.py", line 259, in invoke
    result = self._get_relevant_documents(
             ^^^^^^^^^^^^^^^^^^^^^^^^^^^^^
  File "C:\Users\Philemon\Desktop\Coding\education_system\backend\.venv\Lib\site-packages\langchain_core\vectorstores\base.py", line 1074, in _get_relevant_documents
    docs = self.vectorstore.similarity_search(query, **_kwargs)
           ^^^^^^^^^^^^^^^^^^^^^^^^^^^^^^^^^^^^^^^^^^^^^^^^^^^^
  File "C:\Users\Philemon\Desktop\Coding\education_system\backend\.venv\Lib\site-packages\langchain_qdrant\qdrant.py", line 508, in similarity_search
    results = self.similarity_search_with_score(
              ^^^^^^^^^^^^^^^^^^^^^^^^^^^^^^^^^^
  File "C:\Users\Philemon\Desktop\Coding\education_system\backend\.venv\Lib\site-packages\langchain_qdrant\qdrant.py", line 554, in similarity_search_with_score
    results = self.client.query_points(
              ^^^^^^^^^^^^^^^^^^^^^^^^^
  File "C:\Users\Philemon\Desktop\Coding\education_system\backend\.venv\Lib\site-packages\qdrant_client\qdrant_client.py", line 559, in query_points
    return self._client.query_points(
           ^^^^^^^^^^^^^^^^^^^^^^^^^^
  File "C:\Users\Philemon\Desktop\Coding\education_system\backend\.venv\Lib\site-packages\qdrant_client\qdrant_remote.py", line 637, in query_points
    grpc.QueryPoints(
ValueError: Protocol message Condition has no "key" field.
2025-10-26 14:46:54,780 [ERROR] rag.services.langgraph_service: Failed to generate quiz questions
Traceback (most recent call last):
  File "C:\Users\Philemon\Desktop\Coding\education_system\backend\rag\services\langgraph_service.py", line 247, in get_quiz
    response = qa_chain.invoke({"query": "Generate quiz questions"})
               ^^^^^^^^^^^^^^^^^^^^^^^^^^^^^^^^^^^^^^^^^^^^^^^^^^^^^
  File "C:\Users\Philemon\Desktop\Coding\education_system\backend\.venv\Lib\site-packages\langchain\chains\base.py", line 170, in invoke
    raise e
  File "C:\Users\Philemon\Desktop\Coding\education_system\backend\.venv\Lib\site-packages\langchain\chains\base.py", line 160, in invoke
    self._call(inputs, run_manager=run_manager)
  File "C:\Users\Philemon\Desktop\Coding\education_system\backend\.venv\Lib\site-packages\langchain\chains\retrieval_qa\base.py", line 151, in _call
    docs = self._get_docs(question, run_manager=_run_manager)
           ^^^^^^^^^^^^^^^^^^^^^^^^^^^^^^^^^^^^^^^^^^^^^^^^^^
  File "C:\Users\Philemon\Desktop\Coding\education_system\backend\.venv\Lib\site-packages\langchain\chains\retrieval_qa\base.py", line 271, in _get_docs
    return self.retriever.invoke(
           ^^^^^^^^^^^^^^^^^^^^^^
  File "C:\Users\Philemon\Desktop\Coding\education_system\backend\.venv\Lib\site-packages\langchain_core\retrievers.py", line 259, in invoke
    result = self._get_relevant_documents(
             ^^^^^^^^^^^^^^^^^^^^^^^^^^^^^
  File "C:\Users\Philemon\Desktop\Coding\education_system\backend\.venv\Lib\site-packages\langchain_core\vectorstores\base.py", line 1074, in _get_relevant_documents
    docs = self.vectorstore.similarity_search(query, **_kwargs)
           ^^^^^^^^^^^^^^^^^^^^^^^^^^^^^^^^^^^^^^^^^^^^^^^^^^^^
  File "C:\Users\Philemon\Desktop\Coding\education_system\backend\.venv\Lib\site-packages\langchain_qdrant\qdrant.py", line 508, in similarity_search
    results = self.similarity_search_with_score(
              ^^^^^^^^^^^^^^^^^^^^^^^^^^^^^^^^^^
  File "C:\Users\Philemon\Desktop\Coding\education_system\backend\.venv\Lib\site-packages\langchain_qdrant\qdrant.py", line 554, in similarity_search_with_score
    results = self.client.query_points(
              ^^^^^^^^^^^^^^^^^^^^^^^^^
  File "C:\Users\Philemon\Desktop\Coding\education_system\backend\.venv\Lib\site-packages\qdrant_client\qdrant_client.py", line 559, in query_points
    return self._client.query_points(
           ^^^^^^^^^^^^^^^^^^^^^^^^^^
  File "C:\Users\Philemon\Desktop\Coding\education_system\backend\.venv\Lib\site-packages\qdrant_client\qdrant_remote.py", line 637, in query_points
    grpc.QueryPoints(
ValueError: Protocol message Condition has no "key" field.
2025-10-26 14:46:54,913 [ERROR] django.request: Internal Server Error: /quiz
Traceback (most recent call last):
  File "C:\Users\Philemon\Desktop\Coding\education_system\backend\.venv\Lib\site-packages\django\core\handlers\exception.py", line 55, in inner
    response = get_response(request)
               ^^^^^^^^^^^^^^^^^^^^^
  File "C:\Users\Philemon\Desktop\Coding\education_system\backend\.venv\Lib\site-packages\django\core\handlers\base.py", line 197, in _get_response
    response = wrapped_callback(request, *callback_args, **callback_kwargs)
               ^^^^^^^^^^^^^^^^^^^^^^^^^^^^^^^^^^^^^^^^^^^^^^^^^^^^^^^^^^^^
  File "C:\Users\Philemon\Desktop\Coding\education_system\backend\.venv\Lib\site-packages\django\views\decorators\csrf.py", line 65, in _view_wrapper
    return view_func(request, *args, **kwargs)
           ^^^^^^^^^^^^^^^^^^^^^^^^^^^^^^^^^^^
  File "C:\Users\Philemon\Desktop\Coding\education_system\backend\.venv\Lib\site-packages\django\views\generic\base.py", line 104, in view
    return self.dispatch(request, *args, **kwargs)
           ^^^^^^^^^^^^^^^^^^^^^^^^^^^^^^^^^^^^^^^
  File "C:\Users\Philemon\Desktop\Coding\education_system\backend\.venv\Lib\site-packages\rest_framework\views.py", line 509, in dispatch
    response = self.handle_exception(exc)
               ^^^^^^^^^^^^^^^^^^^^^^^^^^
  File "C:\Users\Philemon\Desktop\Coding\education_system\backend\.venv\Lib\site-packages\rest_framework\views.py", line 469, in handle_exception
    self.raise_uncaught_exception(exc)
  File "C:\Users\Philemon\Desktop\Coding\education_system\backend\.venv\Lib\site-packages\rest_framework\views.py", line 480, in raise_uncaught_exception
    raise exc
  File "C:\Users\Philemon\Desktop\Coding\education_system\backend\.venv\Lib\site-packages\rest_framework\views.py", line 506, in dispatch
    response = handler(request, *args, **kwargs)
               ^^^^^^^^^^^^^^^^^^^^^^^^^^^^^^^^^
  File "C:\Users\Philemon\Desktop\Coding\education_system\backend\.venv\Lib\site-packages\rest_framework\decorators.py", line 50, in handler
    return func(*args, **kwargs)
           ^^^^^^^^^^^^^^^^^^^^^
  File "C:\Users\Philemon\Desktop\Coding\education_system\backend\rag\views.py", line 265, in quiz
    response = langraph_service.get_quiz(document.id, number_of_questions)
               ^^^^^^^^^^^^^^^^^^^^^^^^^^^^^^^^^^^^^^^^^^^^^^^^^^^^^^^^^^^
  File "C:\Users\Philemon\Desktop\Coding\education_system\backend\rag\services\langgraph_service.py", line 247, in get_quiz
    response = qa_chain.invoke({"query": "Generate quiz questions"})
               ^^^^^^^^^^^^^^^^^^^^^^^^^^^^^^^^^^^^^^^^^^^^^^^^^^^^^
  File "C:\Users\Philemon\Desktop\Coding\education_system\backend\.venv\Lib\site-packages\langchain\chains\base.py", line 170, in invoke
    raise e
  File "C:\Users\Philemon\Desktop\Coding\education_system\backend\.venv\Lib\site-packages\langchain\chains\base.py", line 160, in invoke
    self._call(inputs, run_manager=run_manager)
  File "C:\Users\Philemon\Desktop\Coding\education_system\backend\.venv\Lib\site-packages\langchain\chains\retrieval_qa\base.py", line 151, in _call
    docs = self._get_docs(question, run_manager=_run_manager)
           ^^^^^^^^^^^^^^^^^^^^^^^^^^^^^^^^^^^^^^^^^^^^^^^^^^
  File "C:\Users\Philemon\Desktop\Coding\education_system\backend\.venv\Lib\site-packages\langchain\chains\retrieval_qa\base.py", line 271, in _get_docs
    return self.retriever.invoke(
           ^^^^^^^^^^^^^^^^^^^^^^
  File "C:\Users\Philemon\Desktop\Coding\education_system\backend\.venv\Lib\site-packages\langchain_core\retrievers.py", line 259, in invoke
    result = self._get_relevant_documents(
             ^^^^^^^^^^^^^^^^^^^^^^^^^^^^^
  File "C:\Users\Philemon\Desktop\Coding\education_system\backend\.venv\Lib\site-packages\langchain_core\vectorstores\base.py", line 1074, in _get_relevant_documents
    docs = self.vectorstore.similarity_search(query, **_kwargs)
           ^^^^^^^^^^^^^^^^^^^^^^^^^^^^^^^^^^^^^^^^^^^^^^^^^^^^
  File "C:\Users\Philemon\Desktop\Coding\education_system\backend\.venv\Lib\site-packages\langchain_qdrant\qdrant.py", line 508, in similarity_search
    results = self.similarity_search_with_score(
              ^^^^^^^^^^^^^^^^^^^^^^^^^^^^^^^^^^
  File "C:\Users\Philemon\Desktop\Coding\education_system\backend\.venv\Lib\site-packages\langchain_qdrant\qdrant.py", line 554, in similarity_search_with_score
    results = self.client.query_points(
              ^^^^^^^^^^^^^^^^^^^^^^^^^
  File "C:\Users\Philemon\Desktop\Coding\education_system\backend\.venv\Lib\site-packages\qdrant_client\qdrant_client.py", line 559, in query_points
    return self._client.query_points(
           ^^^^^^^^^^^^^^^^^^^^^^^^^^
  File "C:\Users\Philemon\Desktop\Coding\education_system\backend\.venv\Lib\site-packages\qdrant_client\qdrant_remote.py", line 637, in query_points
    grpc.QueryPoints(
ValueError: Protocol message Condition has no "key" field.
2025-10-26 14:46:54,913 [ERROR] django.request: Internal Server Error: /quiz
Traceback (most recent call last):
  File "C:\Users\Philemon\Desktop\Coding\education_system\backend\.venv\Lib\site-packages\django\core\handlers\exception.py", line 55, in inner
    response = get_response(request)
               ^^^^^^^^^^^^^^^^^^^^^
  File "C:\Users\Philemon\Desktop\Coding\education_system\backend\.venv\Lib\site-packages\django\core\handlers\base.py", line 197, in _get_response
    response = wrapped_callback(request, *callback_args, **callback_kwargs)
               ^^^^^^^^^^^^^^^^^^^^^^^^^^^^^^^^^^^^^^^^^^^^^^^^^^^^^^^^^^^^
  File "C:\Users\Philemon\Desktop\Coding\education_system\backend\.venv\Lib\site-packages\django\views\decorators\csrf.py", line 65, in _view_wrapper
    return view_func(request, *args, **kwargs)
           ^^^^^^^^^^^^^^^^^^^^^^^^^^^^^^^^^^^
  File "C:\Users\Philemon\Desktop\Coding\education_system\backend\.venv\Lib\site-packages\django\views\generic\base.py", line 104, in view
    return self.dispatch(request, *args, **kwargs)
           ^^^^^^^^^^^^^^^^^^^^^^^^^^^^^^^^^^^^^^^
  File "C:\Users\Philemon\Desktop\Coding\education_system\backend\.venv\Lib\site-packages\rest_framework\views.py", line 509, in dispatch
    response = self.handle_exception(exc)
               ^^^^^^^^^^^^^^^^^^^^^^^^^^
  File "C:\Users\Philemon\Desktop\Coding\education_system\backend\.venv\Lib\site-packages\rest_framework\views.py", line 469, in handle_exception
    self.raise_uncaught_exception(exc)
  File "C:\Users\Philemon\Desktop\Coding\education_system\backend\.venv\Lib\site-packages\rest_framework\views.py", line 480, in raise_uncaught_exception
    raise exc
  File "C:\Users\Philemon\Desktop\Coding\education_system\backend\.venv\Lib\site-packages\rest_framework\views.py", line 506, in dispatch
    response = handler(request, *args, **kwargs)
               ^^^^^^^^^^^^^^^^^^^^^^^^^^^^^^^^^
  File "C:\Users\Philemon\Desktop\Coding\education_system\backend\.venv\Lib\site-packages\rest_framework\decorators.py", line 50, in handler
    return func(*args, **kwargs)
           ^^^^^^^^^^^^^^^^^^^^^
  File "C:\Users\Philemon\Desktop\Coding\education_system\backend\rag\views.py", line 265, in quiz
    response = langraph_service.get_quiz(document.id, number_of_questions)
               ^^^^^^^^^^^^^^^^^^^^^^^^^^^^^^^^^^^^^^^^^^^^^^^^^^^^^^^^^^^
  File "C:\Users\Philemon\Desktop\Coding\education_system\backend\rag\services\langgraph_service.py", line 247, in get_quiz
    response = qa_chain.invoke({"query": "Generate quiz questions"})
               ^^^^^^^^^^^^^^^^^^^^^^^^^^^^^^^^^^^^^^^^^^^^^^^^^^^^^
  File "C:\Users\Philemon\Desktop\Coding\education_system\backend\.venv\Lib\site-packages\langchain\chains\base.py", line 170, in invoke
    raise e
  File "C:\Users\Philemon\Desktop\Coding\education_system\backend\.venv\Lib\site-packages\langchain\chains\base.py", line 160, in invoke
    self._call(inputs, run_manager=run_manager)
  File "C:\Users\Philemon\Desktop\Coding\education_system\backend\.venv\Lib\site-packages\langchain\chains\retrieval_qa\base.py", line 151, in _call
    docs = self._get_docs(question, run_manager=_run_manager)
           ^^^^^^^^^^^^^^^^^^^^^^^^^^^^^^^^^^^^^^^^^^^^^^^^^^
  File "C:\Users\Philemon\Desktop\Coding\education_system\backend\.venv\Lib\site-packages\langchain\chains\retrieval_qa\base.py", line 271, in _get_docs
    return self.retriever.invoke(
           ^^^^^^^^^^^^^^^^^^^^^^
  File "C:\Users\Philemon\Desktop\Coding\education_system\backend\.venv\Lib\site-packages\langchain_core\retrievers.py", line 259, in invoke
    result = self._get_relevant_documents(
             ^^^^^^^^^^^^^^^^^^^^^^^^^^^^^
  File "C:\Users\Philemon\Desktop\Coding\education_system\backend\.venv\Lib\site-packages\langchain_core\vectorstores\base.py", line 1074, in _get_relevant_documents
    docs = self.vectorstore.similarity_search(query, **_kwargs)
           ^^^^^^^^^^^^^^^^^^^^^^^^^^^^^^^^^^^^^^^^^^^^^^^^^^^^
  File "C:\Users\Philemon\Desktop\Coding\education_system\backend\.venv\Lib\site-packages\langchain_qdrant\qdrant.py", line 508, in similarity_search
    results = self.similarity_search_with_score(
              ^^^^^^^^^^^^^^^^^^^^^^^^^^^^^^^^^^
  File "C:\Users\Philemon\Desktop\Coding\education_system\backend\.venv\Lib\site-packages\langchain_qdrant\qdrant.py", line 554, in similarity_search_with_score
    results = self.client.query_points(
              ^^^^^^^^^^^^^^^^^^^^^^^^^
  File "C:\Users\Philemon\Desktop\Coding\education_system\backend\.venv\Lib\site-packages\qdrant_client\qdrant_client.py", line 559, in query_points
    return self._client.query_points(
           ^^^^^^^^^^^^^^^^^^^^^^^^^^
  File "C:\Users\Philemon\Desktop\Coding\education_system\backend\.venv\Lib\site-packages\qdrant_client\qdrant_remote.py", line 637, in query_points
    grpc.QueryPoints(
ValueError: Protocol message Condition has no "key" field.
2025-10-26 14:46:54,922 [ERROR] django.server: "GET /quiz?document_id=1&number_of_questions=5&library_id=3 HTTP/1.1" 500 214338
2025-10-26 14:46:54,923 [ERROR] django.server: "GET /quiz?document_id=1&number_of_questions=5&library_id=3 HTTP/1.1" 500 214338
2025-10-26 14:47:07,125 [INFO] django.utils.autoreload: C:\Users\Philemon\Desktop\Coding\education_system\backend\rag\services\langgraph_service.py changed, reloading.
2025-10-26 14:47:19,842 [INFO] sentence_transformers.SentenceTransformer: Use pytorch device_name: cpu
2025-10-26 14:47:19,843 [INFO] sentence_transformers.SentenceTransformer: Load pretrained SentenceTransformer: all-MiniLM-L6-v2
2025-10-26 14:47:25,610 [INFO] django.utils.autoreload: Watching for file changes with StatReloader
2025-10-26 14:49:17,382 [INFO] sentence_transformers.SentenceTransformer: Use pytorch device_name: cpu
2025-10-26 14:49:17,384 [INFO] sentence_transformers.SentenceTransformer: Load pretrained SentenceTransformer: all-MiniLM-L6-v2
2025-10-26 14:49:23,218 [INFO] httpx: HTTP Request: GET http://localhost:6333/collections/documents/exists "HTTP/1.1 200 OK"
2025-10-26 14:49:23,261 [INFO] httpx: HTTP Request: GET http://localhost:6333/collections/documents "HTTP/1.1 200 OK"
2025-10-26 14:49:35,799 [INFO] sentence_transformers.SentenceTransformer: Use pytorch device_name: cpu
2025-10-26 14:49:35,800 [INFO] sentence_transformers.SentenceTransformer: Load pretrained SentenceTransformer: all-MiniLM-L6-v2
2025-10-26 14:49:42,001 [INFO] httpx: HTTP Request: GET http://localhost:6333/collections/documents/exists "HTTP/1.1 200 OK"
2025-10-26 14:49:42,034 [INFO] httpx: HTTP Request: GET http://localhost:6333/collections/documents "HTTP/1.1 200 OK"
2025-10-26 14:49:42,147 [INFO] django.utils.autoreload: Watching for file changes with StatReloader
2025-10-26 14:51:40,284 [WARNING] django.request: Unauthorized: /Libraries
2025-10-26 14:51:40,286 [WARNING] django.server: "GET /Libraries HTTP/1.1" 401 172
2025-10-26 14:51:40,291 [WARNING] django.request: Unauthorized: /Libraries
2025-10-26 14:51:40,292 [WARNING] django.server: "GET /Libraries HTTP/1.1" 401 172
2025-10-26 14:51:40,448 [INFO] django.server: "POST /auth/api/token/refresh/ HTTP/1.1" 200 241
2025-10-26 14:51:40,448 [INFO] django.server: "POST /auth/api/token/refresh/ HTTP/1.1" 200 241
2025-10-26 14:51:40,519 [INFO] django.server: "OPTIONS /Libraries HTTP/1.1" 200 0
2025-10-26 14:51:40,522 [INFO] django.server: "OPTIONS /Libraries HTTP/1.1" 200 0
2025-10-26 14:51:45,202 [INFO] django.server: "OPTIONS /Libraries HTTP/1.1" 200 0
2025-10-26 14:51:45,202 [INFO] django.server: "OPTIONS /Libraries HTTP/1.1" 200 0
2025-10-26 14:51:45,319 [INFO] django.server: "GET /Libraries HTTP/1.1" 200 264
2025-10-26 14:51:45,319 [INFO] django.server: "GET /Libraries HTTP/1.1" 200 264
2025-10-26 14:51:46,459 [INFO] rag.views: get_courses for library_id=3 by user=Gbesh
2025-10-26 14:51:46,459 [INFO] django.server: "GET /getCourses?library_id=3 HTTP/1.1" 200 390
2025-10-26 14:51:46,546 [INFO] rag.views: get_courses for library_id=3 by user=Gbesh
2025-10-26 14:51:46,547 [INFO] django.server: "GET /getCourses?library_id=3 HTTP/1.1" 200 390
2025-10-26 14:51:47,473 [INFO] rag.views: get_documents for course_id=1 by user=Gbesh
2025-10-26 14:51:47,475 [INFO] django.server: "GET /getDocuments?course_id=1&library_id=3 HTTP/1.1" 200 198
2025-10-26 14:51:50,267 [INFO] rag.views: quiz generation requested by user=Gbesh document_id=1 num=5
2025-10-26 14:51:50,268 [INFO] rag.views: quiz generation requested by user=Gbesh document_id=1 num=5
2025-10-26 14:51:50,312 [ERROR] rag.services.langgraph_service: Failed to generate quiz questions
Traceback (most recent call last):
  File "C:\Users\Philemon\Desktop\Coding\education_system\backend\rag\services\langgraph_service.py", line 247, in get_quiz
    response = qa_chain.invoke({"query": "Generate quiz questions"})
               ^^^^^^^^^^^^^^^^^^^^^^^^^^^^^^^^^^^^^^^^^^^^^^^^^^^^^
  File "C:\Users\Philemon\Desktop\Coding\education_system\backend\.venv\Lib\site-packages\langchain\chains\base.py", line 170, in invoke
    raise e
  File "C:\Users\Philemon\Desktop\Coding\education_system\backend\.venv\Lib\site-packages\langchain\chains\base.py", line 160, in invoke
    self._call(inputs, run_manager=run_manager)
  File "C:\Users\Philemon\Desktop\Coding\education_system\backend\.venv\Lib\site-packages\langchain\chains\retrieval_qa\base.py", line 151, in _call
    docs = self._get_docs(question, run_manager=_run_manager)
           ^^^^^^^^^^^^^^^^^^^^^^^^^^^^^^^^^^^^^^^^^^^^^^^^^^
  File "C:\Users\Philemon\Desktop\Coding\education_system\backend\.venv\Lib\site-packages\langchain\chains\retrieval_qa\base.py", line 271, in _get_docs
    return self.retriever.invoke(
           ^^^^^^^^^^^^^^^^^^^^^^
  File "C:\Users\Philemon\Desktop\Coding\education_system\backend\.venv\Lib\site-packages\langchain_core\retrievers.py", line 259, in invoke
    result = self._get_relevant_documents(
             ^^^^^^^^^^^^^^^^^^^^^^^^^^^^^
  File "C:\Users\Philemon\Desktop\Coding\education_system\backend\.venv\Lib\site-packages\langchain_core\vectorstores\base.py", line 1074, in _get_relevant_documents
    docs = self.vectorstore.similarity_search(query, **_kwargs)
           ^^^^^^^^^^^^^^^^^^^^^^^^^^^^^^^^^^^^^^^^^^^^^^^^^^^^
  File "C:\Users\Philemon\Desktop\Coding\education_system\backend\.venv\Lib\site-packages\langchain_qdrant\qdrant.py", line 508, in similarity_search
    results = self.similarity_search_with_score(
              ^^^^^^^^^^^^^^^^^^^^^^^^^^^^^^^^^^
  File "C:\Users\Philemon\Desktop\Coding\education_system\backend\.venv\Lib\site-packages\langchain_qdrant\qdrant.py", line 554, in similarity_search_with_score
    results = self.client.query_points(
              ^^^^^^^^^^^^^^^^^^^^^^^^^
  File "C:\Users\Philemon\Desktop\Coding\education_system\backend\.venv\Lib\site-packages\qdrant_client\qdrant_client.py", line 559, in query_points
    return self._client.query_points(
           ^^^^^^^^^^^^^^^^^^^^^^^^^^
  File "C:\Users\Philemon\Desktop\Coding\education_system\backend\.venv\Lib\site-packages\qdrant_client\qdrant_remote.py", line 687, in query_points
    query_request = models.QueryRequest(
                    ^^^^^^^^^^^^^^^^^^^^
  File "C:\Users\Philemon\Desktop\Coding\education_system\backend\.venv\Lib\site-packages\pydantic\main.py", line 214, in __init__
    validated_self = self.__pydantic_validator__.validate_python(data, self_instance=self)
                     ^^^^^^^^^^^^^^^^^^^^^^^^^^^^^^^^^^^^^^^^^^^^^^^^^^^^^^^^^^^^^^^^^^^^^
pydantic_core._pydantic_core.ValidationError: 29 validation errors for QueryRequest
filter.must.`list[union[FieldCondition,IsEmptyCondition,IsNullCondition,HasIdCondition,NestedCondition,...]]`.0.FieldCondition.match.MatchValue.value.bool
  Input should be a valid boolean [type=bool_type, input_value=[1], input_type=list]
    For further information visit https://errors.pydantic.dev/2.10/v/bool_type
filter.must.`list[union[FieldCondition,IsEmptyCondition,IsNullCondition,HasIdCondition,NestedCondition,...]]`.0.FieldCondition.match.MatchValue.value.int
  Input should be a valid integer [type=int_type, input_value=[1], input_type=list]
    For further information visit https://errors.pydantic.dev/2.10/v/int_type
filter.must.`list[union[FieldCondition,IsEmptyCondition,IsNullCondition,HasIdCondition,NestedCondition,...]]`.0.FieldCondition.match.MatchValue.value.str
  Input should be a valid string [type=string_type, input_value=[1], input_type=list]
    For further information visit https://errors.pydantic.dev/2.10/v/string_type
filter.must.`list[union[FieldCondition,IsEmptyCondition,IsNullCondition,HasIdCondition,NestedCondition,...]]`.0.FieldCondition.match.MatchText.text
  Field required [type=missing, input_value={'value': [1]}, input_type=dict]
    For further information visit https://errors.pydantic.dev/2.10/v/missing
filter.must.`list[union[FieldCondition,IsEmptyCondition,IsNullCondition,HasIdCondition,NestedCondition,...]]`.0.FieldCondition.match.MatchText.value
  Extra inputs are not permitted [type=extra_forbidden, input_value=[1], input_type=list]
    For further information visit https://errors.pydantic.dev/2.10/v/extra_forbidden
filter.must.`list[union[FieldCondition,IsEmptyCondition,IsNullCondition,HasIdCondition,NestedCondition,...]]`.0.FieldCondition.match.MatchAny.any
  Field required [type=missing, input_value={'value': [1]}, input_type=dict]
    For further information visit https://errors.pydantic.dev/2.10/v/missing
filter.must.`list[union[FieldCondition,IsEmptyCondition,IsNullCondition,HasIdCondition,NestedCondition,...]]`.0.FieldCondition.match.MatchAny.value
  Extra inputs are not permitted [type=extra_forbidden, input_value=[1], input_type=list]
    For further information visit https://errors.pydantic.dev/2.10/v/extra_forbidden
filter.must.`list[union[FieldCondition,IsEmptyCondition,IsNullCondition,HasIdCondition,NestedCondition,...]]`.0.FieldCondition.match.MatchExcept.except
  Field required [type=missing, input_value={'value': [1]}, input_type=dict]
    For further information visit https://errors.pydantic.dev/2.10/v/missing
filter.must.`list[union[FieldCondition,IsEmptyCondition,IsNullCondition,HasIdCondition,NestedCondition,...]]`.0.FieldCondition.match.MatchExcept.value
  Extra inputs are not permitted [type=extra_forbidden, input_value=[1], input_type=list]
    For further information visit https://errors.pydantic.dev/2.10/v/extra_forbidden
filter.must.`list[union[FieldCondition,IsEmptyCondition,IsNullCondition,HasIdCondition,NestedCondition,...]]`.0.IsEmptyCondition.is_empty
  Field required [type=missing, input_value={'key': 'id', 'match': {'value': [1]}}, input_type=dict]
    For further information visit https://errors.pydantic.dev/2.10/v/missing
filter.must.`list[union[FieldCondition,IsEmptyCondition,IsNullCondition,HasIdCondition,NestedCondition,...]]`.0.IsEmptyCondition.key
  Extra inputs are not permitted [type=extra_forbidden, input_value='id', input_type=str]
    For further information visit https://errors.pydantic.dev/2.10/v/extra_forbidden
filter.must.`list[union[FieldCondition,IsEmptyCondition,IsNullCondition,HasIdCondition,NestedCondition,...]]`.0.IsEmptyCondition.match
  Extra inputs are not permitted [type=extra_forbidden, input_value={'value': [1]}, input_type=dict]
    For further information visit https://errors.pydantic.dev/2.10/v/extra_forbidden
filter.must.`list[union[FieldCondition,IsEmptyCondition,IsNullCondition,HasIdCondition,NestedCondition,...]]`.0.IsNullCondition.is_null
  Field required [type=missing, input_value={'key': 'id', 'match': {'value': [1]}}, input_type=dict]
    For further information visit https://errors.pydantic.dev/2.10/v/missing
filter.must.`list[union[FieldCondition,IsEmptyCondition,IsNullCondition,HasIdCondition,NestedCondition,...]]`.0.IsNullCondition.key
  Extra inputs are not permitted [type=extra_forbidden, input_value='id', input_type=str]
    For further information visit https://errors.pydantic.dev/2.10/v/extra_forbidden
filter.must.`list[union[FieldCondition,IsEmptyCondition,IsNullCondition,HasIdCondition,NestedCondition,...]]`.0.IsNullCondition.match
  Extra inputs are not permitted [type=extra_forbidden, input_value={'value': [1]}, input_type=dict]
    For further information visit https://errors.pydantic.dev/2.10/v/extra_forbidden
filter.must.`list[union[FieldCondition,IsEmptyCondition,IsNullCondition,HasIdCondition,NestedCondition,...]]`.0.HasIdCondition.has_id
  Field required [type=missing, input_value={'key': 'id', 'match': {'value': [1]}}, input_type=dict]
    For further information visit https://errors.pydantic.dev/2.10/v/missing
filter.must.`list[union[FieldCondition,IsEmptyCondition,IsNullCondition,HasIdCondition,NestedCondition,...]]`.0.HasIdCondition.key
  Extra inputs are not permitted [type=extra_forbidden, input_value='id', input_type=str]
    For further information visit https://errors.pydantic.dev/2.10/v/extra_forbidden
filter.must.`list[union[FieldCondition,IsEmptyCondition,IsNullCondition,HasIdCondition,NestedCondition,...]]`.0.HasIdCondition.match
  Extra inputs are not permitted [type=extra_forbidden, input_value={'value': [1]}, input_type=dict]
    For further information visit https://errors.pydantic.dev/2.10/v/extra_forbidden
filter.must.`list[union[FieldCondition,IsEmptyCondition,IsNullCondition,HasIdCondition,NestedCondition,...]]`.0.NestedCondition.nested
  Field required [type=missing, input_value={'key': 'id', 'match': {'value': [1]}}, input_type=dict]
    For further information visit https://errors.pydantic.dev/2.10/v/missing
filter.must.`list[union[FieldCondition,IsEmptyCondition,IsNullCondition,HasIdCondition,NestedCondition,...]]`.0.NestedCondition.key
  Extra inputs are not permitted [type=extra_forbidden, input_value='id', input_type=str]
    For further information visit https://errors.pydantic.dev/2.10/v/extra_forbidden
filter.must.`list[union[FieldCondition,IsEmptyCondition,IsNullCondition,HasIdCondition,NestedCondition,...]]`.0.NestedCondition.match
  Extra inputs are not permitted [type=extra_forbidden, input_value={'value': [1]}, input_type=dict]
    For further information visit https://errors.pydantic.dev/2.10/v/extra_forbidden
filter.must.`list[union[FieldCondition,IsEmptyCondition,IsNullCondition,HasIdCondition,NestedCondition,...]]`.0.Filter.key
  Extra inputs are not permitted [type=extra_forbidden, input_value='id', input_type=str]
    For further information visit https://errors.pydantic.dev/2.10/v/extra_forbidden
filter.must.`list[union[FieldCondition,IsEmptyCondition,IsNullCondition,HasIdCondition,NestedCondition,...]]`.0.Filter.match
  Extra inputs are not permitted [type=extra_forbidden, input_value={'value': [1]}, input_type=dict]
    For further information visit https://errors.pydantic.dev/2.10/v/extra_forbidden
filter.must.FieldCondition
  Input should be a valid dictionary or instance of FieldCondition [type=model_type, input_value=[{'key': 'id', 'match': {'value': [1]}}], input_type=list]
    For further information visit https://errors.pydantic.dev/2.10/v/model_type
filter.must.IsEmptyCondition
  Input should be a valid dictionary or instance of IsEmptyCondition [type=model_type, input_value=[{'key': 'id', 'match': {'value': [1]}}], input_type=list]
    For further information visit https://errors.pydantic.dev/2.10/v/model_type
filter.must.IsNullCondition
  Input should be a valid dictionary or instance of IsNullCondition [type=model_type, input_value=[{'key': 'id', 'match': {'value': [1]}}], input_type=list]
    For further information visit https://errors.pydantic.dev/2.10/v/model_type
filter.must.HasIdCondition
  Input should be a valid dictionary or instance of HasIdCondition [type=model_type, input_value=[{'key': 'id', 'match': {'value': [1]}}], input_type=list]
    For further information visit https://errors.pydantic.dev/2.10/v/model_type
filter.must.NestedCondition
  Input should be a valid dictionary or instance of NestedCondition [type=model_type, input_value=[{'key': 'id', 'match': {'value': [1]}}], input_type=list]
    For further information visit https://errors.pydantic.dev/2.10/v/model_type
filter.must.Filter
  Input should be a valid dictionary or instance of Filter [type=model_type, input_value=[{'key': 'id', 'match': {'value': [1]}}], input_type=list]
    For further information visit https://errors.pydantic.dev/2.10/v/model_type
2025-10-26 14:51:50,313 [ERROR] rag.services.langgraph_service: Failed to generate quiz questions
Traceback (most recent call last):
  File "C:\Users\Philemon\Desktop\Coding\education_system\backend\rag\services\langgraph_service.py", line 247, in get_quiz
    response = qa_chain.invoke({"query": "Generate quiz questions"})
               ^^^^^^^^^^^^^^^^^^^^^^^^^^^^^^^^^^^^^^^^^^^^^^^^^^^^^
  File "C:\Users\Philemon\Desktop\Coding\education_system\backend\.venv\Lib\site-packages\langchain\chains\base.py", line 170, in invoke
    raise e
  File "C:\Users\Philemon\Desktop\Coding\education_system\backend\.venv\Lib\site-packages\langchain\chains\base.py", line 160, in invoke
    self._call(inputs, run_manager=run_manager)
  File "C:\Users\Philemon\Desktop\Coding\education_system\backend\.venv\Lib\site-packages\langchain\chains\retrieval_qa\base.py", line 151, in _call
    docs = self._get_docs(question, run_manager=_run_manager)
           ^^^^^^^^^^^^^^^^^^^^^^^^^^^^^^^^^^^^^^^^^^^^^^^^^^
  File "C:\Users\Philemon\Desktop\Coding\education_system\backend\.venv\Lib\site-packages\langchain\chains\retrieval_qa\base.py", line 271, in _get_docs
    return self.retriever.invoke(
           ^^^^^^^^^^^^^^^^^^^^^^
  File "C:\Users\Philemon\Desktop\Coding\education_system\backend\.venv\Lib\site-packages\langchain_core\retrievers.py", line 259, in invoke
    result = self._get_relevant_documents(
             ^^^^^^^^^^^^^^^^^^^^^^^^^^^^^
  File "C:\Users\Philemon\Desktop\Coding\education_system\backend\.venv\Lib\site-packages\langchain_core\vectorstores\base.py", line 1074, in _get_relevant_documents
    docs = self.vectorstore.similarity_search(query, **_kwargs)
           ^^^^^^^^^^^^^^^^^^^^^^^^^^^^^^^^^^^^^^^^^^^^^^^^^^^^
  File "C:\Users\Philemon\Desktop\Coding\education_system\backend\.venv\Lib\site-packages\langchain_qdrant\qdrant.py", line 508, in similarity_search
    results = self.similarity_search_with_score(
              ^^^^^^^^^^^^^^^^^^^^^^^^^^^^^^^^^^
  File "C:\Users\Philemon\Desktop\Coding\education_system\backend\.venv\Lib\site-packages\langchain_qdrant\qdrant.py", line 554, in similarity_search_with_score
    results = self.client.query_points(
              ^^^^^^^^^^^^^^^^^^^^^^^^^
  File "C:\Users\Philemon\Desktop\Coding\education_system\backend\.venv\Lib\site-packages\qdrant_client\qdrant_client.py", line 559, in query_points
    return self._client.query_points(
           ^^^^^^^^^^^^^^^^^^^^^^^^^^
  File "C:\Users\Philemon\Desktop\Coding\education_system\backend\.venv\Lib\site-packages\qdrant_client\qdrant_remote.py", line 687, in query_points
    query_request = models.QueryRequest(
                    ^^^^^^^^^^^^^^^^^^^^
  File "C:\Users\Philemon\Desktop\Coding\education_system\backend\.venv\Lib\site-packages\pydantic\main.py", line 214, in __init__
    validated_self = self.__pydantic_validator__.validate_python(data, self_instance=self)
                     ^^^^^^^^^^^^^^^^^^^^^^^^^^^^^^^^^^^^^^^^^^^^^^^^^^^^^^^^^^^^^^^^^^^^^
pydantic_core._pydantic_core.ValidationError: 29 validation errors for QueryRequest
filter.must.`list[union[FieldCondition,IsEmptyCondition,IsNullCondition,HasIdCondition,NestedCondition,...]]`.0.FieldCondition.match.MatchValue.value.bool
  Input should be a valid boolean [type=bool_type, input_value=[1], input_type=list]
    For further information visit https://errors.pydantic.dev/2.10/v/bool_type
filter.must.`list[union[FieldCondition,IsEmptyCondition,IsNullCondition,HasIdCondition,NestedCondition,...]]`.0.FieldCondition.match.MatchValue.value.int
  Input should be a valid integer [type=int_type, input_value=[1], input_type=list]
    For further information visit https://errors.pydantic.dev/2.10/v/int_type
filter.must.`list[union[FieldCondition,IsEmptyCondition,IsNullCondition,HasIdCondition,NestedCondition,...]]`.0.FieldCondition.match.MatchValue.value.str
  Input should be a valid string [type=string_type, input_value=[1], input_type=list]
    For further information visit https://errors.pydantic.dev/2.10/v/string_type
filter.must.`list[union[FieldCondition,IsEmptyCondition,IsNullCondition,HasIdCondition,NestedCondition,...]]`.0.FieldCondition.match.MatchText.text
  Field required [type=missing, input_value={'value': [1]}, input_type=dict]
    For further information visit https://errors.pydantic.dev/2.10/v/missing
filter.must.`list[union[FieldCondition,IsEmptyCondition,IsNullCondition,HasIdCondition,NestedCondition,...]]`.0.FieldCondition.match.MatchText.value
  Extra inputs are not permitted [type=extra_forbidden, input_value=[1], input_type=list]
    For further information visit https://errors.pydantic.dev/2.10/v/extra_forbidden
filter.must.`list[union[FieldCondition,IsEmptyCondition,IsNullCondition,HasIdCondition,NestedCondition,...]]`.0.FieldCondition.match.MatchAny.any
  Field required [type=missing, input_value={'value': [1]}, input_type=dict]
    For further information visit https://errors.pydantic.dev/2.10/v/missing
filter.must.`list[union[FieldCondition,IsEmptyCondition,IsNullCondition,HasIdCondition,NestedCondition,...]]`.0.FieldCondition.match.MatchAny.value
  Extra inputs are not permitted [type=extra_forbidden, input_value=[1], input_type=list]
    For further information visit https://errors.pydantic.dev/2.10/v/extra_forbidden
filter.must.`list[union[FieldCondition,IsEmptyCondition,IsNullCondition,HasIdCondition,NestedCondition,...]]`.0.FieldCondition.match.MatchExcept.except
  Field required [type=missing, input_value={'value': [1]}, input_type=dict]
    For further information visit https://errors.pydantic.dev/2.10/v/missing
filter.must.`list[union[FieldCondition,IsEmptyCondition,IsNullCondition,HasIdCondition,NestedCondition,...]]`.0.FieldCondition.match.MatchExcept.value
  Extra inputs are not permitted [type=extra_forbidden, input_value=[1], input_type=list]
    For further information visit https://errors.pydantic.dev/2.10/v/extra_forbidden
filter.must.`list[union[FieldCondition,IsEmptyCondition,IsNullCondition,HasIdCondition,NestedCondition,...]]`.0.IsEmptyCondition.is_empty
  Field required [type=missing, input_value={'key': 'id', 'match': {'value': [1]}}, input_type=dict]
    For further information visit https://errors.pydantic.dev/2.10/v/missing
filter.must.`list[union[FieldCondition,IsEmptyCondition,IsNullCondition,HasIdCondition,NestedCondition,...]]`.0.IsEmptyCondition.key
  Extra inputs are not permitted [type=extra_forbidden, input_value='id', input_type=str]
    For further information visit https://errors.pydantic.dev/2.10/v/extra_forbidden
filter.must.`list[union[FieldCondition,IsEmptyCondition,IsNullCondition,HasIdCondition,NestedCondition,...]]`.0.IsEmptyCondition.match
  Extra inputs are not permitted [type=extra_forbidden, input_value={'value': [1]}, input_type=dict]
    For further information visit https://errors.pydantic.dev/2.10/v/extra_forbidden
filter.must.`list[union[FieldCondition,IsEmptyCondition,IsNullCondition,HasIdCondition,NestedCondition,...]]`.0.IsNullCondition.is_null
  Field required [type=missing, input_value={'key': 'id', 'match': {'value': [1]}}, input_type=dict]
    For further information visit https://errors.pydantic.dev/2.10/v/missing
filter.must.`list[union[FieldCondition,IsEmptyCondition,IsNullCondition,HasIdCondition,NestedCondition,...]]`.0.IsNullCondition.key
  Extra inputs are not permitted [type=extra_forbidden, input_value='id', input_type=str]
    For further information visit https://errors.pydantic.dev/2.10/v/extra_forbidden
filter.must.`list[union[FieldCondition,IsEmptyCondition,IsNullCondition,HasIdCondition,NestedCondition,...]]`.0.IsNullCondition.match
  Extra inputs are not permitted [type=extra_forbidden, input_value={'value': [1]}, input_type=dict]
    For further information visit https://errors.pydantic.dev/2.10/v/extra_forbidden
filter.must.`list[union[FieldCondition,IsEmptyCondition,IsNullCondition,HasIdCondition,NestedCondition,...]]`.0.HasIdCondition.has_id
  Field required [type=missing, input_value={'key': 'id', 'match': {'value': [1]}}, input_type=dict]
    For further information visit https://errors.pydantic.dev/2.10/v/missing
filter.must.`list[union[FieldCondition,IsEmptyCondition,IsNullCondition,HasIdCondition,NestedCondition,...]]`.0.HasIdCondition.key
  Extra inputs are not permitted [type=extra_forbidden, input_value='id', input_type=str]
    For further information visit https://errors.pydantic.dev/2.10/v/extra_forbidden
filter.must.`list[union[FieldCondition,IsEmptyCondition,IsNullCondition,HasIdCondition,NestedCondition,...]]`.0.HasIdCondition.match
  Extra inputs are not permitted [type=extra_forbidden, input_value={'value': [1]}, input_type=dict]
    For further information visit https://errors.pydantic.dev/2.10/v/extra_forbidden
filter.must.`list[union[FieldCondition,IsEmptyCondition,IsNullCondition,HasIdCondition,NestedCondition,...]]`.0.NestedCondition.nested
  Field required [type=missing, input_value={'key': 'id', 'match': {'value': [1]}}, input_type=dict]
    For further information visit https://errors.pydantic.dev/2.10/v/missing
filter.must.`list[union[FieldCondition,IsEmptyCondition,IsNullCondition,HasIdCondition,NestedCondition,...]]`.0.NestedCondition.key
  Extra inputs are not permitted [type=extra_forbidden, input_value='id', input_type=str]
    For further information visit https://errors.pydantic.dev/2.10/v/extra_forbidden
filter.must.`list[union[FieldCondition,IsEmptyCondition,IsNullCondition,HasIdCondition,NestedCondition,...]]`.0.NestedCondition.match
  Extra inputs are not permitted [type=extra_forbidden, input_value={'value': [1]}, input_type=dict]
    For further information visit https://errors.pydantic.dev/2.10/v/extra_forbidden
filter.must.`list[union[FieldCondition,IsEmptyCondition,IsNullCondition,HasIdCondition,NestedCondition,...]]`.0.Filter.key
  Extra inputs are not permitted [type=extra_forbidden, input_value='id', input_type=str]
    For further information visit https://errors.pydantic.dev/2.10/v/extra_forbidden
filter.must.`list[union[FieldCondition,IsEmptyCondition,IsNullCondition,HasIdCondition,NestedCondition,...]]`.0.Filter.match
  Extra inputs are not permitted [type=extra_forbidden, input_value={'value': [1]}, input_type=dict]
    For further information visit https://errors.pydantic.dev/2.10/v/extra_forbidden
filter.must.FieldCondition
  Input should be a valid dictionary or instance of FieldCondition [type=model_type, input_value=[{'key': 'id', 'match': {'value': [1]}}], input_type=list]
    For further information visit https://errors.pydantic.dev/2.10/v/model_type
filter.must.IsEmptyCondition
  Input should be a valid dictionary or instance of IsEmptyCondition [type=model_type, input_value=[{'key': 'id', 'match': {'value': [1]}}], input_type=list]
    For further information visit https://errors.pydantic.dev/2.10/v/model_type
filter.must.IsNullCondition
  Input should be a valid dictionary or instance of IsNullCondition [type=model_type, input_value=[{'key': 'id', 'match': {'value': [1]}}], input_type=list]
    For further information visit https://errors.pydantic.dev/2.10/v/model_type
filter.must.HasIdCondition
  Input should be a valid dictionary or instance of HasIdCondition [type=model_type, input_value=[{'key': 'id', 'match': {'value': [1]}}], input_type=list]
    For further information visit https://errors.pydantic.dev/2.10/v/model_type
filter.must.NestedCondition
  Input should be a valid dictionary or instance of NestedCondition [type=model_type, input_value=[{'key': 'id', 'match': {'value': [1]}}], input_type=list]
    For further information visit https://errors.pydantic.dev/2.10/v/model_type
filter.must.Filter
  Input should be a valid dictionary or instance of Filter [type=model_type, input_value=[{'key': 'id', 'match': {'value': [1]}}], input_type=list]
    For further information visit https://errors.pydantic.dev/2.10/v/model_type
2025-10-26 14:51:50,453 [ERROR] django.request: Internal Server Error: /quiz
Traceback (most recent call last):
  File "C:\Users\Philemon\Desktop\Coding\education_system\backend\.venv\Lib\site-packages\django\core\handlers\exception.py", line 55, in inner
    response = get_response(request)
               ^^^^^^^^^^^^^^^^^^^^^
  File "C:\Users\Philemon\Desktop\Coding\education_system\backend\.venv\Lib\site-packages\django\core\handlers\base.py", line 197, in _get_response
    response = wrapped_callback(request, *callback_args, **callback_kwargs)
               ^^^^^^^^^^^^^^^^^^^^^^^^^^^^^^^^^^^^^^^^^^^^^^^^^^^^^^^^^^^^
  File "C:\Users\Philemon\Desktop\Coding\education_system\backend\.venv\Lib\site-packages\django\views\decorators\csrf.py", line 65, in _view_wrapper
    return view_func(request, *args, **kwargs)
           ^^^^^^^^^^^^^^^^^^^^^^^^^^^^^^^^^^^
  File "C:\Users\Philemon\Desktop\Coding\education_system\backend\.venv\Lib\site-packages\django\views\generic\base.py", line 104, in view
    return self.dispatch(request, *args, **kwargs)
           ^^^^^^^^^^^^^^^^^^^^^^^^^^^^^^^^^^^^^^^
  File "C:\Users\Philemon\Desktop\Coding\education_system\backend\.venv\Lib\site-packages\rest_framework\views.py", line 509, in dispatch
    response = self.handle_exception(exc)
               ^^^^^^^^^^^^^^^^^^^^^^^^^^
  File "C:\Users\Philemon\Desktop\Coding\education_system\backend\.venv\Lib\site-packages\rest_framework\views.py", line 469, in handle_exception
    self.raise_uncaught_exception(exc)
  File "C:\Users\Philemon\Desktop\Coding\education_system\backend\.venv\Lib\site-packages\rest_framework\views.py", line 480, in raise_uncaught_exception
    raise exc
  File "C:\Users\Philemon\Desktop\Coding\education_system\backend\.venv\Lib\site-packages\rest_framework\views.py", line 506, in dispatch
    response = handler(request, *args, **kwargs)
               ^^^^^^^^^^^^^^^^^^^^^^^^^^^^^^^^^
  File "C:\Users\Philemon\Desktop\Coding\education_system\backend\.venv\Lib\site-packages\rest_framework\decorators.py", line 50, in handler
    return func(*args, **kwargs)
           ^^^^^^^^^^^^^^^^^^^^^
  File "C:\Users\Philemon\Desktop\Coding\education_system\backend\rag\views.py", line 265, in quiz
    response = langraph_service.get_quiz(document.id, number_of_questions)
               ^^^^^^^^^^^^^^^^^^^^^^^^^^^^^^^^^^^^^^^^^^^^^^^^^^^^^^^^^^^
  File "C:\Users\Philemon\Desktop\Coding\education_system\backend\rag\services\langgraph_service.py", line 247, in get_quiz
    response = qa_chain.invoke({"query": "Generate quiz questions"})
               ^^^^^^^^^^^^^^^^^^^^^^^^^^^^^^^^^^^^^^^^^^^^^^^^^^^^^
  File "C:\Users\Philemon\Desktop\Coding\education_system\backend\.venv\Lib\site-packages\langchain\chains\base.py", line 170, in invoke
    raise e
  File "C:\Users\Philemon\Desktop\Coding\education_system\backend\.venv\Lib\site-packages\langchain\chains\base.py", line 160, in invoke
    self._call(inputs, run_manager=run_manager)
  File "C:\Users\Philemon\Desktop\Coding\education_system\backend\.venv\Lib\site-packages\langchain\chains\retrieval_qa\base.py", line 151, in _call
    docs = self._get_docs(question, run_manager=_run_manager)
           ^^^^^^^^^^^^^^^^^^^^^^^^^^^^^^^^^^^^^^^^^^^^^^^^^^
  File "C:\Users\Philemon\Desktop\Coding\education_system\backend\.venv\Lib\site-packages\langchain\chains\retrieval_qa\base.py", line 271, in _get_docs
    return self.retriever.invoke(
           ^^^^^^^^^^^^^^^^^^^^^^
  File "C:\Users\Philemon\Desktop\Coding\education_system\backend\.venv\Lib\site-packages\langchain_core\retrievers.py", line 259, in invoke
    result = self._get_relevant_documents(
             ^^^^^^^^^^^^^^^^^^^^^^^^^^^^^
  File "C:\Users\Philemon\Desktop\Coding\education_system\backend\.venv\Lib\site-packages\langchain_core\vectorstores\base.py", line 1074, in _get_relevant_documents
    docs = self.vectorstore.similarity_search(query, **_kwargs)
           ^^^^^^^^^^^^^^^^^^^^^^^^^^^^^^^^^^^^^^^^^^^^^^^^^^^^
  File "C:\Users\Philemon\Desktop\Coding\education_system\backend\.venv\Lib\site-packages\langchain_qdrant\qdrant.py", line 508, in similarity_search
    results = self.similarity_search_with_score(
              ^^^^^^^^^^^^^^^^^^^^^^^^^^^^^^^^^^
  File "C:\Users\Philemon\Desktop\Coding\education_system\backend\.venv\Lib\site-packages\langchain_qdrant\qdrant.py", line 554, in similarity_search_with_score
    results = self.client.query_points(
              ^^^^^^^^^^^^^^^^^^^^^^^^^
  File "C:\Users\Philemon\Desktop\Coding\education_system\backend\.venv\Lib\site-packages\qdrant_client\qdrant_client.py", line 559, in query_points
    return self._client.query_points(
           ^^^^^^^^^^^^^^^^^^^^^^^^^^
  File "C:\Users\Philemon\Desktop\Coding\education_system\backend\.venv\Lib\site-packages\qdrant_client\qdrant_remote.py", line 687, in query_points
    query_request = models.QueryRequest(
                    ^^^^^^^^^^^^^^^^^^^^
  File "C:\Users\Philemon\Desktop\Coding\education_system\backend\.venv\Lib\site-packages\pydantic\main.py", line 214, in __init__
    validated_self = self.__pydantic_validator__.validate_python(data, self_instance=self)
                     ^^^^^^^^^^^^^^^^^^^^^^^^^^^^^^^^^^^^^^^^^^^^^^^^^^^^^^^^^^^^^^^^^^^^^
pydantic_core._pydantic_core.ValidationError: 29 validation errors for QueryRequest
filter.must.`list[union[FieldCondition,IsEmptyCondition,IsNullCondition,HasIdCondition,NestedCondition,...]]`.0.FieldCondition.match.MatchValue.value.bool
  Input should be a valid boolean [type=bool_type, input_value=[1], input_type=list]
    For further information visit https://errors.pydantic.dev/2.10/v/bool_type
filter.must.`list[union[FieldCondition,IsEmptyCondition,IsNullCondition,HasIdCondition,NestedCondition,...]]`.0.FieldCondition.match.MatchValue.value.int
  Input should be a valid integer [type=int_type, input_value=[1], input_type=list]
    For further information visit https://errors.pydantic.dev/2.10/v/int_type
filter.must.`list[union[FieldCondition,IsEmptyCondition,IsNullCondition,HasIdCondition,NestedCondition,...]]`.0.FieldCondition.match.MatchValue.value.str
  Input should be a valid string [type=string_type, input_value=[1], input_type=list]
    For further information visit https://errors.pydantic.dev/2.10/v/string_type
filter.must.`list[union[FieldCondition,IsEmptyCondition,IsNullCondition,HasIdCondition,NestedCondition,...]]`.0.FieldCondition.match.MatchText.text
  Field required [type=missing, input_value={'value': [1]}, input_type=dict]
    For further information visit https://errors.pydantic.dev/2.10/v/missing
filter.must.`list[union[FieldCondition,IsEmptyCondition,IsNullCondition,HasIdCondition,NestedCondition,...]]`.0.FieldCondition.match.MatchText.value
  Extra inputs are not permitted [type=extra_forbidden, input_value=[1], input_type=list]
    For further information visit https://errors.pydantic.dev/2.10/v/extra_forbidden
filter.must.`list[union[FieldCondition,IsEmptyCondition,IsNullCondition,HasIdCondition,NestedCondition,...]]`.0.FieldCondition.match.MatchAny.any
  Field required [type=missing, input_value={'value': [1]}, input_type=dict]
    For further information visit https://errors.pydantic.dev/2.10/v/missing
filter.must.`list[union[FieldCondition,IsEmptyCondition,IsNullCondition,HasIdCondition,NestedCondition,...]]`.0.FieldCondition.match.MatchAny.value
  Extra inputs are not permitted [type=extra_forbidden, input_value=[1], input_type=list]
    For further information visit https://errors.pydantic.dev/2.10/v/extra_forbidden
filter.must.`list[union[FieldCondition,IsEmptyCondition,IsNullCondition,HasIdCondition,NestedCondition,...]]`.0.FieldCondition.match.MatchExcept.except
  Field required [type=missing, input_value={'value': [1]}, input_type=dict]
    For further information visit https://errors.pydantic.dev/2.10/v/missing
filter.must.`list[union[FieldCondition,IsEmptyCondition,IsNullCondition,HasIdCondition,NestedCondition,...]]`.0.FieldCondition.match.MatchExcept.value
  Extra inputs are not permitted [type=extra_forbidden, input_value=[1], input_type=list]
    For further information visit https://errors.pydantic.dev/2.10/v/extra_forbidden
filter.must.`list[union[FieldCondition,IsEmptyCondition,IsNullCondition,HasIdCondition,NestedCondition,...]]`.0.IsEmptyCondition.is_empty
  Field required [type=missing, input_value={'key': 'id', 'match': {'value': [1]}}, input_type=dict]
    For further information visit https://errors.pydantic.dev/2.10/v/missing
filter.must.`list[union[FieldCondition,IsEmptyCondition,IsNullCondition,HasIdCondition,NestedCondition,...]]`.0.IsEmptyCondition.key
  Extra inputs are not permitted [type=extra_forbidden, input_value='id', input_type=str]
    For further information visit https://errors.pydantic.dev/2.10/v/extra_forbidden
filter.must.`list[union[FieldCondition,IsEmptyCondition,IsNullCondition,HasIdCondition,NestedCondition,...]]`.0.IsEmptyCondition.match
  Extra inputs are not permitted [type=extra_forbidden, input_value={'value': [1]}, input_type=dict]
    For further information visit https://errors.pydantic.dev/2.10/v/extra_forbidden
filter.must.`list[union[FieldCondition,IsEmptyCondition,IsNullCondition,HasIdCondition,NestedCondition,...]]`.0.IsNullCondition.is_null
  Field required [type=missing, input_value={'key': 'id', 'match': {'value': [1]}}, input_type=dict]
    For further information visit https://errors.pydantic.dev/2.10/v/missing
filter.must.`list[union[FieldCondition,IsEmptyCondition,IsNullCondition,HasIdCondition,NestedCondition,...]]`.0.IsNullCondition.key
  Extra inputs are not permitted [type=extra_forbidden, input_value='id', input_type=str]
    For further information visit https://errors.pydantic.dev/2.10/v/extra_forbidden
filter.must.`list[union[FieldCondition,IsEmptyCondition,IsNullCondition,HasIdCondition,NestedCondition,...]]`.0.IsNullCondition.match
  Extra inputs are not permitted [type=extra_forbidden, input_value={'value': [1]}, input_type=dict]
    For further information visit https://errors.pydantic.dev/2.10/v/extra_forbidden
filter.must.`list[union[FieldCondition,IsEmptyCondition,IsNullCondition,HasIdCondition,NestedCondition,...]]`.0.HasIdCondition.has_id
  Field required [type=missing, input_value={'key': 'id', 'match': {'value': [1]}}, input_type=dict]
    For further information visit https://errors.pydantic.dev/2.10/v/missing
filter.must.`list[union[FieldCondition,IsEmptyCondition,IsNullCondition,HasIdCondition,NestedCondition,...]]`.0.HasIdCondition.key
  Extra inputs are not permitted [type=extra_forbidden, input_value='id', input_type=str]
    For further information visit https://errors.pydantic.dev/2.10/v/extra_forbidden
filter.must.`list[union[FieldCondition,IsEmptyCondition,IsNullCondition,HasIdCondition,NestedCondition,...]]`.0.HasIdCondition.match
  Extra inputs are not permitted [type=extra_forbidden, input_value={'value': [1]}, input_type=dict]
    For further information visit https://errors.pydantic.dev/2.10/v/extra_forbidden
filter.must.`list[union[FieldCondition,IsEmptyCondition,IsNullCondition,HasIdCondition,NestedCondition,...]]`.0.NestedCondition.nested
  Field required [type=missing, input_value={'key': 'id', 'match': {'value': [1]}}, input_type=dict]
    For further information visit https://errors.pydantic.dev/2.10/v/missing
filter.must.`list[union[FieldCondition,IsEmptyCondition,IsNullCondition,HasIdCondition,NestedCondition,...]]`.0.NestedCondition.key
  Extra inputs are not permitted [type=extra_forbidden, input_value='id', input_type=str]
    For further information visit https://errors.pydantic.dev/2.10/v/extra_forbidden
filter.must.`list[union[FieldCondition,IsEmptyCondition,IsNullCondition,HasIdCondition,NestedCondition,...]]`.0.NestedCondition.match
  Extra inputs are not permitted [type=extra_forbidden, input_value={'value': [1]}, input_type=dict]
    For further information visit https://errors.pydantic.dev/2.10/v/extra_forbidden
filter.must.`list[union[FieldCondition,IsEmptyCondition,IsNullCondition,HasIdCondition,NestedCondition,...]]`.0.Filter.key
  Extra inputs are not permitted [type=extra_forbidden, input_value='id', input_type=str]
    For further information visit https://errors.pydantic.dev/2.10/v/extra_forbidden
filter.must.`list[union[FieldCondition,IsEmptyCondition,IsNullCondition,HasIdCondition,NestedCondition,...]]`.0.Filter.match
  Extra inputs are not permitted [type=extra_forbidden, input_value={'value': [1]}, input_type=dict]
    For further information visit https://errors.pydantic.dev/2.10/v/extra_forbidden
filter.must.FieldCondition
  Input should be a valid dictionary or instance of FieldCondition [type=model_type, input_value=[{'key': 'id', 'match': {'value': [1]}}], input_type=list]
    For further information visit https://errors.pydantic.dev/2.10/v/model_type
filter.must.IsEmptyCondition
  Input should be a valid dictionary or instance of IsEmptyCondition [type=model_type, input_value=[{'key': 'id', 'match': {'value': [1]}}], input_type=list]
    For further information visit https://errors.pydantic.dev/2.10/v/model_type
filter.must.IsNullCondition
  Input should be a valid dictionary or instance of IsNullCondition [type=model_type, input_value=[{'key': 'id', 'match': {'value': [1]}}], input_type=list]
    For further information visit https://errors.pydantic.dev/2.10/v/model_type
filter.must.HasIdCondition
  Input should be a valid dictionary or instance of HasIdCondition [type=model_type, input_value=[{'key': 'id', 'match': {'value': [1]}}], input_type=list]
    For further information visit https://errors.pydantic.dev/2.10/v/model_type
filter.must.NestedCondition
  Input should be a valid dictionary or instance of NestedCondition [type=model_type, input_value=[{'key': 'id', 'match': {'value': [1]}}], input_type=list]
    For further information visit https://errors.pydantic.dev/2.10/v/model_type
filter.must.Filter
  Input should be a valid dictionary or instance of Filter [type=model_type, input_value=[{'key': 'id', 'match': {'value': [1]}}], input_type=list]
    For further information visit https://errors.pydantic.dev/2.10/v/model_type
2025-10-26 14:51:50,461 [ERROR] django.request: Internal Server Error: /quiz
Traceback (most recent call last):
  File "C:\Users\Philemon\Desktop\Coding\education_system\backend\.venv\Lib\site-packages\django\core\handlers\exception.py", line 55, in inner
    response = get_response(request)
               ^^^^^^^^^^^^^^^^^^^^^
  File "C:\Users\Philemon\Desktop\Coding\education_system\backend\.venv\Lib\site-packages\django\core\handlers\base.py", line 197, in _get_response
    response = wrapped_callback(request, *callback_args, **callback_kwargs)
               ^^^^^^^^^^^^^^^^^^^^^^^^^^^^^^^^^^^^^^^^^^^^^^^^^^^^^^^^^^^^
  File "C:\Users\Philemon\Desktop\Coding\education_system\backend\.venv\Lib\site-packages\django\views\decorators\csrf.py", line 65, in _view_wrapper
    return view_func(request, *args, **kwargs)
           ^^^^^^^^^^^^^^^^^^^^^^^^^^^^^^^^^^^
  File "C:\Users\Philemon\Desktop\Coding\education_system\backend\.venv\Lib\site-packages\django\views\generic\base.py", line 104, in view
    return self.dispatch(request, *args, **kwargs)
           ^^^^^^^^^^^^^^^^^^^^^^^^^^^^^^^^^^^^^^^
  File "C:\Users\Philemon\Desktop\Coding\education_system\backend\.venv\Lib\site-packages\rest_framework\views.py", line 509, in dispatch
    response = self.handle_exception(exc)
               ^^^^^^^^^^^^^^^^^^^^^^^^^^
  File "C:\Users\Philemon\Desktop\Coding\education_system\backend\.venv\Lib\site-packages\rest_framework\views.py", line 469, in handle_exception
    self.raise_uncaught_exception(exc)
  File "C:\Users\Philemon\Desktop\Coding\education_system\backend\.venv\Lib\site-packages\rest_framework\views.py", line 480, in raise_uncaught_exception
    raise exc
  File "C:\Users\Philemon\Desktop\Coding\education_system\backend\.venv\Lib\site-packages\rest_framework\views.py", line 506, in dispatch
    response = handler(request, *args, **kwargs)
               ^^^^^^^^^^^^^^^^^^^^^^^^^^^^^^^^^
  File "C:\Users\Philemon\Desktop\Coding\education_system\backend\.venv\Lib\site-packages\rest_framework\decorators.py", line 50, in handler
    return func(*args, **kwargs)
           ^^^^^^^^^^^^^^^^^^^^^
  File "C:\Users\Philemon\Desktop\Coding\education_system\backend\rag\views.py", line 265, in quiz
    response = langraph_service.get_quiz(document.id, number_of_questions)
               ^^^^^^^^^^^^^^^^^^^^^^^^^^^^^^^^^^^^^^^^^^^^^^^^^^^^^^^^^^^
  File "C:\Users\Philemon\Desktop\Coding\education_system\backend\rag\services\langgraph_service.py", line 247, in get_quiz
    response = qa_chain.invoke({"query": "Generate quiz questions"})
               ^^^^^^^^^^^^^^^^^^^^^^^^^^^^^^^^^^^^^^^^^^^^^^^^^^^^^
  File "C:\Users\Philemon\Desktop\Coding\education_system\backend\.venv\Lib\site-packages\langchain\chains\base.py", line 170, in invoke
    raise e
  File "C:\Users\Philemon\Desktop\Coding\education_system\backend\.venv\Lib\site-packages\langchain\chains\base.py", line 160, in invoke
    self._call(inputs, run_manager=run_manager)
  File "C:\Users\Philemon\Desktop\Coding\education_system\backend\.venv\Lib\site-packages\langchain\chains\retrieval_qa\base.py", line 151, in _call
    docs = self._get_docs(question, run_manager=_run_manager)
           ^^^^^^^^^^^^^^^^^^^^^^^^^^^^^^^^^^^^^^^^^^^^^^^^^^
  File "C:\Users\Philemon\Desktop\Coding\education_system\backend\.venv\Lib\site-packages\langchain\chains\retrieval_qa\base.py", line 271, in _get_docs
    return self.retriever.invoke(
           ^^^^^^^^^^^^^^^^^^^^^^
  File "C:\Users\Philemon\Desktop\Coding\education_system\backend\.venv\Lib\site-packages\langchain_core\retrievers.py", line 259, in invoke
    result = self._get_relevant_documents(
             ^^^^^^^^^^^^^^^^^^^^^^^^^^^^^
  File "C:\Users\Philemon\Desktop\Coding\education_system\backend\.venv\Lib\site-packages\langchain_core\vectorstores\base.py", line 1074, in _get_relevant_documents
    docs = self.vectorstore.similarity_search(query, **_kwargs)
           ^^^^^^^^^^^^^^^^^^^^^^^^^^^^^^^^^^^^^^^^^^^^^^^^^^^^
  File "C:\Users\Philemon\Desktop\Coding\education_system\backend\.venv\Lib\site-packages\langchain_qdrant\qdrant.py", line 508, in similarity_search
    results = self.similarity_search_with_score(
              ^^^^^^^^^^^^^^^^^^^^^^^^^^^^^^^^^^
  File "C:\Users\Philemon\Desktop\Coding\education_system\backend\.venv\Lib\site-packages\langchain_qdrant\qdrant.py", line 554, in similarity_search_with_score
    results = self.client.query_points(
              ^^^^^^^^^^^^^^^^^^^^^^^^^
  File "C:\Users\Philemon\Desktop\Coding\education_system\backend\.venv\Lib\site-packages\qdrant_client\qdrant_client.py", line 559, in query_points
    return self._client.query_points(
           ^^^^^^^^^^^^^^^^^^^^^^^^^^
  File "C:\Users\Philemon\Desktop\Coding\education_system\backend\.venv\Lib\site-packages\qdrant_client\qdrant_remote.py", line 687, in query_points
    query_request = models.QueryRequest(
                    ^^^^^^^^^^^^^^^^^^^^
  File "C:\Users\Philemon\Desktop\Coding\education_system\backend\.venv\Lib\site-packages\pydantic\main.py", line 214, in __init__
    validated_self = self.__pydantic_validator__.validate_python(data, self_instance=self)
                     ^^^^^^^^^^^^^^^^^^^^^^^^^^^^^^^^^^^^^^^^^^^^^^^^^^^^^^^^^^^^^^^^^^^^^
pydantic_core._pydantic_core.ValidationError: 29 validation errors for QueryRequest
filter.must.`list[union[FieldCondition,IsEmptyCondition,IsNullCondition,HasIdCondition,NestedCondition,...]]`.0.FieldCondition.match.MatchValue.value.bool
  Input should be a valid boolean [type=bool_type, input_value=[1], input_type=list]
    For further information visit https://errors.pydantic.dev/2.10/v/bool_type
filter.must.`list[union[FieldCondition,IsEmptyCondition,IsNullCondition,HasIdCondition,NestedCondition,...]]`.0.FieldCondition.match.MatchValue.value.int
  Input should be a valid integer [type=int_type, input_value=[1], input_type=list]
    For further information visit https://errors.pydantic.dev/2.10/v/int_type
filter.must.`list[union[FieldCondition,IsEmptyCondition,IsNullCondition,HasIdCondition,NestedCondition,...]]`.0.FieldCondition.match.MatchValue.value.str
  Input should be a valid string [type=string_type, input_value=[1], input_type=list]
    For further information visit https://errors.pydantic.dev/2.10/v/string_type
filter.must.`list[union[FieldCondition,IsEmptyCondition,IsNullCondition,HasIdCondition,NestedCondition,...]]`.0.FieldCondition.match.MatchText.text
  Field required [type=missing, input_value={'value': [1]}, input_type=dict]
    For further information visit https://errors.pydantic.dev/2.10/v/missing
filter.must.`list[union[FieldCondition,IsEmptyCondition,IsNullCondition,HasIdCondition,NestedCondition,...]]`.0.FieldCondition.match.MatchText.value
  Extra inputs are not permitted [type=extra_forbidden, input_value=[1], input_type=list]
    For further information visit https://errors.pydantic.dev/2.10/v/extra_forbidden
filter.must.`list[union[FieldCondition,IsEmptyCondition,IsNullCondition,HasIdCondition,NestedCondition,...]]`.0.FieldCondition.match.MatchAny.any
  Field required [type=missing, input_value={'value': [1]}, input_type=dict]
    For further information visit https://errors.pydantic.dev/2.10/v/missing
filter.must.`list[union[FieldCondition,IsEmptyCondition,IsNullCondition,HasIdCondition,NestedCondition,...]]`.0.FieldCondition.match.MatchAny.value
  Extra inputs are not permitted [type=extra_forbidden, input_value=[1], input_type=list]
    For further information visit https://errors.pydantic.dev/2.10/v/extra_forbidden
filter.must.`list[union[FieldCondition,IsEmptyCondition,IsNullCondition,HasIdCondition,NestedCondition,...]]`.0.FieldCondition.match.MatchExcept.except
  Field required [type=missing, input_value={'value': [1]}, input_type=dict]
    For further information visit https://errors.pydantic.dev/2.10/v/missing
filter.must.`list[union[FieldCondition,IsEmptyCondition,IsNullCondition,HasIdCondition,NestedCondition,...]]`.0.FieldCondition.match.MatchExcept.value
  Extra inputs are not permitted [type=extra_forbidden, input_value=[1], input_type=list]
    For further information visit https://errors.pydantic.dev/2.10/v/extra_forbidden
filter.must.`list[union[FieldCondition,IsEmptyCondition,IsNullCondition,HasIdCondition,NestedCondition,...]]`.0.IsEmptyCondition.is_empty
  Field required [type=missing, input_value={'key': 'id', 'match': {'value': [1]}}, input_type=dict]
    For further information visit https://errors.pydantic.dev/2.10/v/missing
filter.must.`list[union[FieldCondition,IsEmptyCondition,IsNullCondition,HasIdCondition,NestedCondition,...]]`.0.IsEmptyCondition.key
  Extra inputs are not permitted [type=extra_forbidden, input_value='id', input_type=str]
    For further information visit https://errors.pydantic.dev/2.10/v/extra_forbidden
filter.must.`list[union[FieldCondition,IsEmptyCondition,IsNullCondition,HasIdCondition,NestedCondition,...]]`.0.IsEmptyCondition.match
  Extra inputs are not permitted [type=extra_forbidden, input_value={'value': [1]}, input_type=dict]
    For further information visit https://errors.pydantic.dev/2.10/v/extra_forbidden
filter.must.`list[union[FieldCondition,IsEmptyCondition,IsNullCondition,HasIdCondition,NestedCondition,...]]`.0.IsNullCondition.is_null
  Field required [type=missing, input_value={'key': 'id', 'match': {'value': [1]}}, input_type=dict]
    For further information visit https://errors.pydantic.dev/2.10/v/missing
filter.must.`list[union[FieldCondition,IsEmptyCondition,IsNullCondition,HasIdCondition,NestedCondition,...]]`.0.IsNullCondition.key
  Extra inputs are not permitted [type=extra_forbidden, input_value='id', input_type=str]
    For further information visit https://errors.pydantic.dev/2.10/v/extra_forbidden
filter.must.`list[union[FieldCondition,IsEmptyCondition,IsNullCondition,HasIdCondition,NestedCondition,...]]`.0.IsNullCondition.match
  Extra inputs are not permitted [type=extra_forbidden, input_value={'value': [1]}, input_type=dict]
    For further information visit https://errors.pydantic.dev/2.10/v/extra_forbidden
filter.must.`list[union[FieldCondition,IsEmptyCondition,IsNullCondition,HasIdCondition,NestedCondition,...]]`.0.HasIdCondition.has_id
  Field required [type=missing, input_value={'key': 'id', 'match': {'value': [1]}}, input_type=dict]
    For further information visit https://errors.pydantic.dev/2.10/v/missing
filter.must.`list[union[FieldCondition,IsEmptyCondition,IsNullCondition,HasIdCondition,NestedCondition,...]]`.0.HasIdCondition.key
  Extra inputs are not permitted [type=extra_forbidden, input_value='id', input_type=str]
    For further information visit https://errors.pydantic.dev/2.10/v/extra_forbidden
filter.must.`list[union[FieldCondition,IsEmptyCondition,IsNullCondition,HasIdCondition,NestedCondition,...]]`.0.HasIdCondition.match
  Extra inputs are not permitted [type=extra_forbidden, input_value={'value': [1]}, input_type=dict]
    For further information visit https://errors.pydantic.dev/2.10/v/extra_forbidden
filter.must.`list[union[FieldCondition,IsEmptyCondition,IsNullCondition,HasIdCondition,NestedCondition,...]]`.0.NestedCondition.nested
  Field required [type=missing, input_value={'key': 'id', 'match': {'value': [1]}}, input_type=dict]
    For further information visit https://errors.pydantic.dev/2.10/v/missing
filter.must.`list[union[FieldCondition,IsEmptyCondition,IsNullCondition,HasIdCondition,NestedCondition,...]]`.0.NestedCondition.key
  Extra inputs are not permitted [type=extra_forbidden, input_value='id', input_type=str]
    For further information visit https://errors.pydantic.dev/2.10/v/extra_forbidden
filter.must.`list[union[FieldCondition,IsEmptyCondition,IsNullCondition,HasIdCondition,NestedCondition,...]]`.0.NestedCondition.match
  Extra inputs are not permitted [type=extra_forbidden, input_value={'value': [1]}, input_type=dict]
    For further information visit https://errors.pydantic.dev/2.10/v/extra_forbidden
filter.must.`list[union[FieldCondition,IsEmptyCondition,IsNullCondition,HasIdCondition,NestedCondition,...]]`.0.Filter.key
  Extra inputs are not permitted [type=extra_forbidden, input_value='id', input_type=str]
    For further information visit https://errors.pydantic.dev/2.10/v/extra_forbidden
filter.must.`list[union[FieldCondition,IsEmptyCondition,IsNullCondition,HasIdCondition,NestedCondition,...]]`.0.Filter.match
  Extra inputs are not permitted [type=extra_forbidden, input_value={'value': [1]}, input_type=dict]
    For further information visit https://errors.pydantic.dev/2.10/v/extra_forbidden
filter.must.FieldCondition
  Input should be a valid dictionary or instance of FieldCondition [type=model_type, input_value=[{'key': 'id', 'match': {'value': [1]}}], input_type=list]
    For further information visit https://errors.pydantic.dev/2.10/v/model_type
filter.must.IsEmptyCondition
  Input should be a valid dictionary or instance of IsEmptyCondition [type=model_type, input_value=[{'key': 'id', 'match': {'value': [1]}}], input_type=list]
    For further information visit https://errors.pydantic.dev/2.10/v/model_type
filter.must.IsNullCondition
  Input should be a valid dictionary or instance of IsNullCondition [type=model_type, input_value=[{'key': 'id', 'match': {'value': [1]}}], input_type=list]
    For further information visit https://errors.pydantic.dev/2.10/v/model_type
filter.must.HasIdCondition
  Input should be a valid dictionary or instance of HasIdCondition [type=model_type, input_value=[{'key': 'id', 'match': {'value': [1]}}], input_type=list]
    For further information visit https://errors.pydantic.dev/2.10/v/model_type
filter.must.NestedCondition
  Input should be a valid dictionary or instance of NestedCondition [type=model_type, input_value=[{'key': 'id', 'match': {'value': [1]}}], input_type=list]
    For further information visit https://errors.pydantic.dev/2.10/v/model_type
filter.must.Filter
  Input should be a valid dictionary or instance of Filter [type=model_type, input_value=[{'key': 'id', 'match': {'value': [1]}}], input_type=list]
    For further information visit https://errors.pydantic.dev/2.10/v/model_type
2025-10-26 14:51:50,477 [ERROR] django.server: "GET /quiz?document_id=1&number_of_questions=5&library_id=3 HTTP/1.1" 500 263549
2025-10-26 14:51:50,481 [ERROR] django.server: "GET /quiz?document_id=1&number_of_questions=5&library_id=3 HTTP/1.1" 500 263549
2025-10-26 14:53:56,068 [INFO] django.utils.autoreload: C:\Users\Philemon\Desktop\Coding\education_system\backend\rag\services\langgraph_service.py changed, reloading.
2025-10-26 14:54:16,089 [INFO] sentence_transformers.SentenceTransformer: Use pytorch device_name: cpu
2025-10-26 14:54:16,090 [INFO] sentence_transformers.SentenceTransformer: Load pretrained SentenceTransformer: all-MiniLM-L6-v2
2025-10-26 14:54:24,241 [INFO] httpx: HTTP Request: GET http://localhost:6333/collections/documents/exists "HTTP/1.1 200 OK"
2025-10-26 14:54:24,292 [INFO] httpx: HTTP Request: GET http://localhost:6333/collections/documents "HTTP/1.1 200 OK"
2025-10-26 14:54:24,613 [INFO] django.utils.autoreload: Watching for file changes with StatReloader
2025-10-26 14:54:25,643 [INFO] django.server: "GET /Libraries HTTP/1.1" 200 264
2025-10-26 14:54:25,644 [INFO] django.server: "GET /Libraries HTTP/1.1" 200 264
2025-10-26 14:54:26,892 [INFO] rag.views: get_courses for library_id=3 by user=Gbesh
2025-10-26 14:54:26,893 [INFO] django.server: "GET /getCourses?library_id=3 HTTP/1.1" 200 390
2025-10-26 14:54:27,005 [INFO] rag.views: get_courses for library_id=3 by user=Gbesh
2025-10-26 14:54:27,006 [INFO] django.server: "GET /getCourses?library_id=3 HTTP/1.1" 200 390
2025-10-26 14:54:28,469 [INFO] rag.views: get_documents for course_id=1 by user=Gbesh
2025-10-26 14:54:28,471 [INFO] django.server: "GET /getDocuments?course_id=1&library_id=3 HTTP/1.1" 200 198
2025-10-26 14:54:31,599 [INFO] rag.views: quiz generation requested by user=Gbesh document_id=1 num=5
2025-10-26 14:54:31,698 [INFO] rag.views: quiz generation requested by user=Gbesh document_id=1 num=5
2025-10-26 14:54:31,819 [INFO] httpx: HTTP Request: POST http://localhost:6333/collections/documents/points/query "HTTP/1.1 200 OK"
2025-10-26 14:54:31,820 [INFO] httpx: HTTP Request: POST http://localhost:6333/collections/documents/points/query "HTTP/1.1 200 OK"
2025-10-26 14:54:56,985 [INFO] httpx: HTTP Request: POST http://127.0.0.1:11434/api/chat "HTTP/1.1 200 OK"
2025-10-26 14:55:18,845 [INFO] rag.views: quiz generated for document_id=1
2025-10-26 14:55:18,852 [INFO] django.server: "GET /quiz?document_id=1&number_of_questions=5&library_id=3 HTTP/1.1" 200 1375
2025-10-26 14:55:22,648 [INFO] httpx: HTTP Request: POST http://127.0.0.1:11434/api/chat "HTTP/1.1 200 OK"
2025-10-26 14:55:33,123 [INFO] rag.views: get_courses for library_id=3 by user=Gbesh
2025-10-26 14:55:33,123 [INFO] rag.views: get_courses for library_id=3 by user=Gbesh
2025-10-26 14:55:33,125 [INFO] django.server: "GET /getCourses?library_id=3 HTTP/1.1" 200 390
2025-10-26 14:55:33,125 [INFO] django.server: "GET /getCourses?library_id=3 HTTP/1.1" 200 390
2025-10-26 14:55:43,803 [INFO] rag.views: quiz generated for document_id=1
2025-10-26 14:55:43,804 [INFO] django.server: "GET /quiz?document_id=1&number_of_questions=5&library_id=3 HTTP/1.1" 200 1394
2025-10-26 14:56:04,288 [INFO] rag.views: get_documents for course_id=1 by user=Gbesh
2025-10-26 14:56:04,289 [INFO] django.server: "GET /getDocuments?course_id=1&library_id=3 HTTP/1.1" 200 198
2025-10-26 14:56:08,593 [INFO] django.server: "OPTIONS /question?query=Summarise&course_id=1&library_id=3 HTTP/1.1" 200 0
2025-10-26 14:56:08,601 [INFO] django.server: "OPTIONS /question?query=Summarise&course_id=1&library_id=3 HTTP/1.1" 200 0
2025-10-26 14:56:08,703 [INFO] rag.views: query_llm called: user=Gbesh course_id=1 query=Summarise document_count=1
2025-10-26 14:56:08,727 [INFO] rag.views: query_llm called: user=Gbesh course_id=1 query=Summarise document_count=1
2025-10-26 14:56:08,902 [INFO] httpx: HTTP Request: POST http://localhost:6333/collections/documents/points/query "HTTP/1.1 200 OK"
2025-10-26 14:56:08,903 [INFO] httpx: HTTP Request: POST http://localhost:6333/collections/documents/points/query "HTTP/1.1 200 OK"
2025-10-26 14:56:11,476 [INFO] httpx: HTTP Request: POST http://127.0.0.1:11434/api/chat "HTTP/1.1 200 OK"
2025-10-26 14:56:14,668 [INFO] rag.views: LLM response generated for user=Gbesh course_id=1
2025-10-26 14:56:14,669 [INFO] django.server: "GET /question?query=Summarise&course_id=1&library_id=3 HTTP/1.1" 200 335
2025-10-26 14:56:14,717 [INFO] httpx: HTTP Request: POST http://127.0.0.1:11434/api/chat "HTTP/1.1 200 OK"
2025-10-26 14:56:17,894 [INFO] rag.views: LLM response generated for user=Gbesh course_id=1
2025-10-26 14:56:17,896 [INFO] django.server: "GET /question?query=Summarise&course_id=1&library_id=3 HTTP/1.1" 200 375
2025-10-26 14:56:35,248 [INFO] django.server: "OPTIONS /question?query=What+courses+will+I+be+taken+in+Level+300&course_id=1&library_id=3 HTTP/1.1" 200 0
2025-10-26 14:56:35,351 [INFO] rag.views: query_llm called: user=Gbesh course_id=1 query=What courses will I be taken in Level 300 document_count=1
2025-10-26 14:56:35,499 [INFO] httpx: HTTP Request: POST http://localhost:6333/collections/documents/points/query "HTTP/1.1 200 OK"
2025-10-26 14:56:37,858 [INFO] httpx: HTTP Request: POST http://127.0.0.1:11434/api/chat "HTTP/1.1 200 OK"
2025-10-26 14:56:43,537 [INFO] rag.views: LLM response generated for user=Gbesh course_id=1
2025-10-26 14:56:43,539 [INFO] django.server: "GET /question?query=What+courses+will+I+be+taken+in+Level+300&course_id=1&library_id=3 HTTP/1.1" 200 519
2025-10-26 14:57:04,299 [INFO] django.server: "OPTIONS /question?query=And+what+about+for+the+semester+2&course_id=1&library_id=3 HTTP/1.1" 200 0
2025-10-26 14:57:04,324 [WARNING] django.request: Unauthorized: /question
2025-10-26 14:57:04,325 [WARNING] django.server: "GET /question?query=And+what+about+for+the+semester+2&course_id=1&library_id=3 HTTP/1.1" 401 172
2025-10-26 14:57:04,444 [INFO] django.server: "POST /auth/api/token/refresh/ HTTP/1.1" 200 241
2025-10-26 14:57:04,499 [INFO] django.server: "OPTIONS /question?query=And+what+about+for+the+semester+2&course_id=1&library_id=3 HTTP/1.1" 200 0
2025-10-26 14:57:37,160 [INFO] django.server: "OPTIONS /question?query=And+what+about+for+the+semester+2&course_id=1&library_id=3 HTTP/1.1" 200 0
2025-10-26 14:58:10,408 [INFO] rag.views: query_llm called: user=Gbesh course_id=1 query=Summarise document_count=1
2025-10-26 14:58:10,410 [INFO] rag.views: query_llm called: user=Gbesh course_id=1 query=Summarise document_count=1
2025-10-26 14:58:10,650 [INFO] httpx: HTTP Request: POST http://localhost:6333/collections/documents/points/query "HTTP/1.1 200 OK"
2025-10-26 14:58:10,658 [INFO] httpx: HTTP Request: POST http://localhost:6333/collections/documents/points/query "HTTP/1.1 200 OK"
2025-10-26 14:58:13,535 [INFO] httpx: HTTP Request: POST http://127.0.0.1:11434/api/chat "HTTP/1.1 200 OK"
2025-10-26 14:58:19,906 [INFO] rag.views: LLM response generated for user=Gbesh course_id=1
2025-10-26 14:58:19,907 [INFO] django.server: "GET /question?query=Summarise&course_id=1&library_id=3 HTTP/1.1" 200 525
2025-10-26 14:58:19,960 [INFO] httpx: HTTP Request: POST http://127.0.0.1:11434/api/chat "HTTP/1.1 200 OK"
2025-10-26 14:58:25,517 [INFO] rag.views: LLM response generated for user=Gbesh course_id=1
2025-10-26 14:58:25,518 [INFO] django.server: "GET /question?query=Summarise&course_id=1&library_id=3 HTTP/1.1" 200 482
2025-10-26 14:58:32,428 [INFO] django.server: "OPTIONS /question?query=What+about+for+the+first+semester&course_id=1&library_id=3 HTTP/1.1" 200 0
2025-10-26 14:58:32,530 [INFO] rag.views: query_llm called: user=Gbesh course_id=1 query=What about for the first semester document_count=1
2025-10-26 14:58:32,676 [INFO] httpx: HTTP Request: POST http://localhost:6333/collections/documents/points/query "HTTP/1.1 200 OK"
2025-10-26 14:58:33,316 [INFO] httpx: HTTP Request: POST http://127.0.0.1:11434/api/chat "HTTP/1.1 200 OK"
2025-10-26 14:58:38,427 [INFO] rag.views: LLM response generated for user=Gbesh course_id=1
2025-10-26 14:58:38,429 [INFO] django.server: "GET /question?query=What+about+for+the+first+semester&course_id=1&library_id=3 HTTP/1.1" 200 416
2025-10-26 14:58:51,952 [INFO] django.server: "OPTIONS /question?query=What%27s+seng+301+about&course_id=1&library_id=3 HTTP/1.1" 200 0
2025-10-26 14:58:52,050 [INFO] rag.views: query_llm called: user=Gbesh course_id=1 query=What's seng 301 about document_count=1
2025-10-26 14:58:52,154 [INFO] httpx: HTTP Request: POST http://localhost:6333/collections/documents/points/query "HTTP/1.1 200 OK"
2025-10-26 14:58:52,679 [INFO] httpx: HTTP Request: POST http://127.0.0.1:11434/api/chat "HTTP/1.1 200 OK"
2025-10-26 14:58:55,746 [INFO] rag.views: LLM response generated for user=Gbesh course_id=1
2025-10-26 14:58:55,748 [INFO] django.server: "GET /question?query=What%27s+seng+301+about&course_id=1&library_id=3 HTTP/1.1" 200 361
2025-10-26 14:59:09,699 [INFO] django.server: "OPTIONS /question?query=I+would+like+more+info&course_id=1&library_id=3 HTTP/1.1" 200 0
2025-10-26 14:59:09,892 [INFO] rag.views: query_llm called: user=Gbesh course_id=1 query=I would like more info document_count=1
2025-10-26 14:59:10,001 [INFO] httpx: HTTP Request: POST http://localhost:6333/collections/documents/points/query "HTTP/1.1 200 OK"
2025-10-26 14:59:10,432 [INFO] httpx: HTTP Request: POST http://127.0.0.1:11434/api/chat "HTTP/1.1 200 OK"
2025-10-26 14:59:17,466 [INFO] rag.views: LLM response generated for user=Gbesh course_id=1
2025-10-26 14:59:17,468 [INFO] django.server: "GET /question?query=I+would+like+more+info&course_id=1&library_id=3 HTTP/1.1" 200 754
2025-10-26 14:59:37,474 [INFO] django.server: "GET /Libraries HTTP/1.1" 200 264
2025-10-26 14:59:37,476 [INFO] django.server: "GET /Libraries HTTP/1.1" 200 264
2025-10-26 14:59:39,530 [INFO] rag.views: get_courses for library_id=3 by user=Gbesh
2025-10-26 14:59:39,531 [INFO] django.server: "GET /getCourses?library_id=3 HTTP/1.1" 200 390
2025-10-26 14:59:39,533 [INFO] rag.views: get_courses for library_id=3 by user=Gbesh
2025-10-26 14:59:39,536 [INFO] django.server: "GET /getCourses?library_id=3 HTTP/1.1" 200 390
2025-10-26 14:59:41,386 [INFO] rag.views: get_documents for course_id=1 by user=Gbesh
2025-10-26 14:59:41,387 [INFO] django.server: "GET /getDocuments?course_id=1&library_id=3 HTTP/1.1" 200 198
2025-10-26 14:59:44,266 [INFO] rag.views: quiz generation requested by user=Gbesh document_id=1 num=5
2025-10-26 14:59:44,266 [INFO] rag.views: quiz generation requested by user=Gbesh document_id=1 num=5
2025-10-26 14:59:44,331 [INFO] httpx: HTTP Request: POST http://localhost:6333/collections/documents/points/query "HTTP/1.1 200 OK"
2025-10-26 14:59:44,338 [INFO] httpx: HTTP Request: POST http://localhost:6333/collections/documents/points/query "HTTP/1.1 200 OK"
2025-10-26 14:59:48,463 [INFO] httpx: HTTP Request: POST http://127.0.0.1:11434/api/chat "HTTP/1.1 200 OK"
2025-10-26 15:00:11,375 [INFO] rag.views: quiz generated for document_id=1
2025-10-26 15:00:11,377 [INFO] django.server: "GET /quiz?document_id=1&number_of_questions=5&library_id=3 HTTP/1.1" 200 1647
2025-10-26 15:00:15,236 [INFO] httpx: HTTP Request: POST http://127.0.0.1:11434/api/chat "HTTP/1.1 200 OK"
2025-10-26 15:00:40,767 [INFO] rag.views: quiz generated for document_id=1
2025-10-26 15:00:40,769 [INFO] django.server: "GET /quiz?document_id=1&number_of_questions=5&library_id=3 HTTP/1.1" 200 1977
2025-10-26 15:00:52,379 [INFO] rag.views: get_courses for library_id=3 by user=Gbesh
2025-10-26 15:00:52,380 [INFO] rag.views: get_courses for library_id=3 by user=Gbesh
2025-10-26 15:00:52,382 [INFO] django.server: "GET /getCourses?library_id=3 HTTP/1.1" 200 390
2025-10-26 15:00:52,382 [INFO] django.server: "GET /getCourses?library_id=3 HTTP/1.1" 200 390
2025-10-26 15:00:53,647 [INFO] rag.views: get_documents for course_id=1 by user=Gbesh
2025-10-26 15:00:53,648 [INFO] django.server: "GET /getDocuments?course_id=1&library_id=3 HTTP/1.1" 200 198
2025-10-26 15:01:04,194 [INFO] rag.views: add_document called by user=Gbesh files=dict_keys(['file']) data=<QueryDict: {'course_id': ['1'], 'library_id': ['3'], 'file': [<InMemoryUploadedFile: ACID Properties.pdf (application/pdf)>]}>
2025-10-26 15:01:04,196 [INFO] rag.services.document_service: add_document called by user=Gbesh files=dict_keys(['file']) data=<QueryDict: {'course_id': ['1'], 'library_id': ['3'], 'file': [<InMemoryUploadedFile: ACID Properties.pdf (application/pdf)>]}>
2025-10-26 15:01:04,735 [INFO] httpx: HTTP Request: PUT http://localhost:6333/collections/documents/points?wait=true "HTTP/1.1 200 OK"
2025-10-26 15:01:04,744 [INFO] rag.services.document_utils: Upserted 7 points for doc_id=2
2025-10-26 15:01:04,745 [INFO] rag.services.document_service: File uploaded successfully: document_id=2 user=Gbesh
2025-10-26 15:01:04,754 [INFO] django.server: "POST /Documents HTTP/1.1" 201 181
2025-10-26 15:01:04,859 [INFO] rag.views: get_documents for course_id=1 by user=Gbesh
2025-10-26 15:01:04,860 [INFO] django.server: "GET /getDocuments?course_id=1&library_id=3 HTTP/1.1" 200 328
2025-10-26 15:01:07,988 [INFO] django.server: "OPTIONS /quiz?document_id=2&number_of_questions=5&library_id=3 HTTP/1.1" 200 0
2025-10-26 15:01:07,988 [INFO] django.server: "OPTIONS /quiz?document_id=2&number_of_questions=5&library_id=3 HTTP/1.1" 200 0
2025-10-26 15:01:08,089 [INFO] rag.views: quiz generation requested by user=Gbesh document_id=2 num=5
2025-10-26 15:01:08,101 [INFO] rag.views: quiz generation requested by user=Gbesh document_id=2 num=5
2025-10-26 15:01:08,150 [INFO] httpx: HTTP Request: POST http://localhost:6333/collections/documents/points/query "HTTP/1.1 200 OK"
2025-10-26 15:01:08,163 [INFO] httpx: HTTP Request: POST http://localhost:6333/collections/documents/points/query "HTTP/1.1 200 OK"
2025-10-26 15:01:10,263 [INFO] httpx: HTTP Request: POST http://127.0.0.1:11434/api/chat "HTTP/1.1 200 OK"
2025-10-26 15:01:35,260 [INFO] httpx: HTTP Request: POST http://127.0.0.1:11434/api/chat "HTTP/1.1 200 OK"
2025-10-26 15:01:35,266 [INFO] rag.views: quiz generated for document_id=2
2025-10-26 15:01:35,267 [INFO] django.server: "GET /quiz?document_id=2&number_of_questions=5&library_id=3 HTTP/1.1" 200 2230
2025-10-26 15:01:59,373 [INFO] rag.views: quiz generated for document_id=2
2025-10-26 15:01:59,374 [INFO] django.server: "GET /quiz?document_id=2&number_of_questions=5&library_id=3 HTTP/1.1" 200 2026
2025-10-26 15:02:30,998 [WARNING] django.request: Unauthorized: /getCourses
2025-10-26 15:02:31,001 [WARNING] django.request: Unauthorized: /getCourses
2025-10-26 15:02:31,002 [WARNING] django.server: "GET /getCourses?library_id=3 HTTP/1.1" 401 172
2025-10-26 15:02:31,002 [WARNING] django.server: "GET /getCourses?library_id=3 HTTP/1.1" 401 172
2025-10-26 15:02:31,139 [INFO] django.server: "POST /auth/api/token/refresh/ HTTP/1.1" 200 241
2025-10-26 15:02:31,186 [INFO] django.server: "OPTIONS /getCourses?library_id=3 HTTP/1.1" 200 0
2025-10-26 15:02:31,242 [INFO] django.server: "POST /auth/api/token/refresh/ HTTP/1.1" 200 241
2025-10-26 15:02:31,317 [INFO] django.server: "OPTIONS /Libraries HTTP/1.1" 200 0
2025-10-26 15:02:31,324 [INFO] django.server: "OPTIONS /Libraries HTTP/1.1" 200 0
2025-10-26 15:02:31,353 [INFO] django.server: "OPTIONS /getCourses?library_id=3 HTTP/1.1" 200 0
2025-10-26 15:02:46,302 [INFO] django.server: "OPTIONS /Libraries HTTP/1.1" 200 0
2025-10-26 15:02:46,302 [INFO] django.server: "OPTIONS /Libraries HTTP/1.1" 200 0
2025-10-26 15:02:46,393 [INFO] django.server: "GET /Libraries HTTP/1.1" 200 264
2025-10-26 15:02:46,394 [INFO] django.server: "GET /Libraries HTTP/1.1" 200 264
2025-10-26 15:05:30,620 [INFO] django.server: "OPTIONS /getCourses?library_id=3 HTTP/1.1" 200 0
2025-10-26 15:05:30,622 [INFO] django.server: "OPTIONS /getCourses?library_id=3 HTTP/1.1" 200 0
2025-10-26 15:05:30,795 [INFO] rag.views: get_courses for library_id=3 by user=Gbesh
2025-10-26 15:05:30,796 [INFO] rag.views: get_courses for library_id=3 by user=Gbesh
2025-10-26 15:05:30,797 [INFO] django.server: "GET /getCourses?library_id=3 HTTP/1.1" 200 390
2025-10-26 15:05:30,798 [INFO] django.server: "GET /getCourses?library_id=3 HTTP/1.1" 200 390
2025-10-26 15:05:31,539 [INFO] rag.views: get_documents for course_id=1 by user=Gbesh
2025-10-26 15:05:31,541 [INFO] django.server: "GET /getDocuments?course_id=1&library_id=3 HTTP/1.1" 200 328
2025-10-26 15:05:33,692 [INFO] rag.views: quiz generation requested by user=Gbesh document_id=2 num=5
2025-10-26 15:05:33,842 [INFO] httpx: HTTP Request: POST http://localhost:6333/collections/documents/points/query "HTTP/1.1 200 OK"
2025-10-26 15:05:34,231 [INFO] httpx: HTTP Request: POST http://127.0.0.1:11434/api/chat "HTTP/1.1 200 OK"
2025-10-26 15:05:58,409 [INFO] rag.views: quiz generated for document_id=2
2025-10-26 15:05:58,412 [INFO] django.server: "GET /quiz?document_id=2&number_of_questions=5&library_id=3 HTTP/1.1" 200 2219
2025-10-26 15:05:58,516 [INFO] rag.views: quiz generation requested by user=Gbesh document_id=2 num=5
2025-10-26 15:05:58,587 [INFO] httpx: HTTP Request: POST http://localhost:6333/collections/documents/points/query "HTTP/1.1 200 OK"
2025-10-26 15:05:58,715 [INFO] httpx: HTTP Request: POST http://127.0.0.1:11434/api/chat "HTTP/1.1 200 OK"
2025-10-26 15:06:22,867 [INFO] rag.views: quiz generated for document_id=2
2025-10-26 15:06:22,869 [INFO] django.server: "GET /quiz?document_id=2&number_of_questions=5&library_id=3 HTTP/1.1" 200 2030
2025-10-26 15:07:31,548 [WARNING] django.request: Unauthorized: /getCourses
2025-10-26 15:07:31,549 [WARNING] django.server: "GET /getCourses?library_id=3 HTTP/1.1" 401 172
2025-10-26 15:07:31,556 [WARNING] django.request: Unauthorized: /getCourses
2025-10-26 15:07:31,557 [WARNING] django.server: "GET /getCourses?library_id=3 HTTP/1.1" 401 172
2025-10-26 15:07:31,691 [INFO] django.server: "POST /auth/api/token/refresh/ HTTP/1.1" 200 241
2025-10-26 15:07:31,733 [INFO] django.server: "OPTIONS /getCourses?library_id=3 HTTP/1.1" 200 0
2025-10-26 15:07:31,785 [INFO] django.server: "POST /auth/api/token/refresh/ HTTP/1.1" 200 241
2025-10-26 15:07:31,844 [INFO] django.server: "OPTIONS /Libraries HTTP/1.1" 200 0
2025-10-26 15:07:31,851 [INFO] django.server: "OPTIONS /Libraries HTTP/1.1" 200 0
2025-10-26 15:07:31,879 [INFO] django.server: "OPTIONS /getCourses?library_id=3 HTTP/1.1" 200 0
